precompile(Tuple{typeof(JLLWrappers.get_julia_libpaths)})
precompile(Tuple{typeof(Base.setindex!), Base.EnvDict, String, String})
precompile(Tuple{typeof(Base.issorted), Array{String, 1}, Base.Order.ReverseOrdering{Base.Order.ForwardOrdering}})
precompile(Tuple{Base.JuliaSyntax.var"#invoke_fixedworld#fix_world_age##2"{Base.JuliaSyntax.var"#invoke_fixedworld#108#fix_world_age##3"{typeof(Base.JuliaSyntax.core_parser_hook), UInt64}}, Base.SubString{String}, Vararg{Any}})
precompile(Tuple{Base.JuliaSyntax.var"#invoke_fixedworld#108#fix_world_age##3"{typeof(Base.JuliaSyntax.core_parser_hook), UInt64}, Base.Pairs{Symbol, Union{}, Nothing, NamedTuple{(), Tuple{}}}, Base.JuliaSyntax.var"#invoke_fixedworld#fix_world_age##2"{Base.JuliaSyntax.var"#invoke_fixedworld#108#fix_world_age##3"{typeof(Base.JuliaSyntax.core_parser_hook), UInt64}}, Base.SubString{String}, Vararg{Any}})
precompile(Tuple{typeof(Base.JuliaSyntax.core_parser_hook), Base.SubString{String}, String, Int64, Int64, Symbol})
precompile(Tuple{typeof(Base.indexed_iterate), Tuple{Array{Union{}, 1}, Symbol}, Int64})
precompile(Tuple{typeof(Base.indexed_iterate), Tuple{Array{Union{}, 1}, Symbol}, Int64, Int64})
precompile(Tuple{typeof(Base.length), Array{Union{}, 1}})
precompile(Tuple{typeof(Base.JuliaSyntax.parse_brackets), Base.JuliaSyntax.var"#parse_unary##0#parse_unary##1"{Bool}, Base.JuliaSyntax.ParseState, Base.JuliaSyntax.Kind})
precompile(Tuple{Type{Array{UInt32, 1}}})
precompile(Tuple{Type{Base.Dict{UInt32, Symbol}}})
precompile(Tuple{typeof(Base.haskey), Base.Dict{UInt32, Symbol}, UInt32})
precompile(Tuple{typeof(Base.setindex!), Base.Dict{UInt32, Symbol}, Symbol, UInt32})
precompile(Tuple{typeof(Base.max), UInt32, UInt32})
precompile(Tuple{typeof(Base.Enums.membershiptest), Symbol, Array{UInt32, 1}})
precompile(Tuple{typeof(Base.iterate), Base.Dict{UInt32, Symbol}})
precompile(Tuple{typeof(Base.indexed_iterate), Pair{UInt32, Symbol}, Int64})
precompile(Tuple{typeof(Base.indexed_iterate), Pair{UInt32, Symbol}, Int64, Int64})
precompile(Tuple{typeof(Base.iterate), Base.Dict{UInt32, Symbol}, Int64})
precompile(Tuple{typeof(Base._array_for), Type{Any}, Array{UInt32, 1}, Base.HasShape{1}})
precompile(Tuple{typeof(Base.iterate), Array{UInt32, 1}})
precompile(Tuple{Type{HILNativeOwnerBootstrap.NativeOwnerBootstrapCodec.Lifecycle}, UInt32})
precompile(Tuple{typeof(Base.iterate), Array{UInt32, 1}, Int64})
precompile(Tuple{typeof(StableTasks.Internals._lift_one_interp!), Expr})
precompile(Tuple{typeof(StableTasks.Internals.replace_linenums!), Expr, LineNumberNode})
precompile(Tuple{typeof(Base.ccall_macro_parse), Tuple{Expr, Expr}})
precompile(Tuple{typeof(Base.getindex), Type{Base.Dict{String, Any}}})
precompile(Tuple{typeof(Base.first), String})
precompile(Tuple{typeof(Base.:(!=)), Char, Char})
precompile(Tuple{Type{NamedTuple{(:prefix,), T} where T<:Tuple}, Tuple{String}})
precompile(Tuple{Type{NamedTuple{(:pollint,), T} where T<:Tuple}, Tuple{Float64}})
precompile(Tuple{Base.Compiler.var"#inferiterate#abstract_iteration##0"{Type{Base.Dict{String, String}}, Base.Compiler.Future{Base.Compiler.CallMeta}, Base.Compiler.Future{Base.Compiler.AbstractIterationResult}}, Base.Compiler.NativeInterpreter, Base.Compiler.InferenceState})
precompile(Tuple{typeof(Main.with_control_private_core), Function})
precompile(Tuple{typeof(Base.:(>)), UInt32, UInt32})
precompile(Tuple{typeof(Base.:(!=)), UInt32, UInt32})
precompile(Tuple{typeof(Base.cconvert), Type{Ptr{Int32}}, Ptr{Nothing}})
precompile(Tuple{typeof(Base.cconvert), Type{Ptr{Ptr{Base.Cstring}}}, Ptr{Nothing}})
precompile(Tuple{typeof(Base.unsafe_convert), Type{Ptr{Int32}}, Ptr{Nothing}})
precompile(Tuple{typeof(Base.unsafe_convert), Type{Ptr{Ptr{Base.Cstring}}}, Ptr{Nothing}})
precompile(Tuple{Type{Ptr{PipeWireAO.LibPipeWire.spa_dict}}, Ptr{Nothing}})
precompile(Tuple{typeof(Base.cconvert), Type{Ptr{PipeWireAO.LibPipeWire.spa_dict}}, Ptr{PipeWireAO.LibPipeWire.spa_dict}})
precompile(Tuple{typeof(Base.unsafe_convert), Type{Ptr{PipeWireAO.LibPipeWire.spa_dict}}, Ptr{PipeWireAO.LibPipeWire.spa_dict}})
precompile(Tuple{Type{Ptr{PipeWireAO.LibPipeWire.pw_thread_loop}}, Ptr{Nothing}})
[33mprecompile(Tuple{typeof(Base.isready), Base.Compiler.Future{Base.Compiler.AbstractEvalBasicStatementResult}}) # recompile[0m
precompile(Tuple{Type{Ptr{PipeWireAO.LibPipeWire.pw_properties}}, Ptr{Nothing}})
precompile(Tuple{typeof(Base.cconvert), Type{Ptr{PipeWireAO.LibPipeWire.pw_properties}}, Ptr{PipeWireAO.LibPipeWire.pw_properties}})
precompile(Tuple{typeof(Base.unsafe_convert), Type{Ptr{PipeWireAO.LibPipeWire.pw_properties}}, Ptr{PipeWireAO.LibPipeWire.pw_properties}})
precompile(Tuple{Type{Ptr{PipeWireAO.LibPipeWire.pw_context}}, Ptr{Nothing}})
precompile(Tuple{typeof(Base.getproperty), Base.Order.Lt{Base.Sort.var"#_sort!##10#_sort!##11"{Base.Order.By{typeof(Base.first), Base.Order.ForwardOrdering}}}, Symbol})
precompile(Tuple{Type{Ptr{PipeWireAO.LibPipeWire.spa_list}}, Ptr{Nothing}})
precompile(Tuple{Type{PipeWireAO.LibPipeWire.spa_list}, Ptr{PipeWireAO.LibPipeWire.spa_list}, Ptr{PipeWireAO.LibPipeWire.spa_list}})
precompile(Tuple{Type{PipeWireAO.LibPipeWire.spa_callbacks}, Ptr{Nothing}, Ptr{Nothing}})
precompile(Tuple{Type{PipeWireAO.LibPipeWire.spa_hook}, PipeWireAO.LibPipeWire.spa_list, PipeWireAO.LibPipeWire.spa_callbacks, Ptr{Nothing}, Ptr{Nothing}})
precompile(Tuple{Type{Ptr{PipeWireAO.LibPipeWire.pw_core}}, Ptr{Nothing}})
precompile(Tuple{Type{NamedTuple{(:endpoint,), T} where T<:Tuple}, Tuple{Symbol}})
precompile(Tuple{Type{NamedTuple{(:flags,), T} where T<:Tuple}, Tuple{Int64}})
precompile(Tuple{typeof(Base.:(<=)), Int64, UInt32})
precompile(Tuple{Type{HILNativeOwnerBootstrap.NativeControlClient.UnknownOutcome}, String})
precompile(Tuple{typeof(Base.iszero), Float64})
precompile(Tuple{Type{NamedTuple{(:retirement,), T} where T<:Tuple}, Tuple{Bool}})
precompile(Tuple{Type{Ptr{PipeWireAO.LibPipeWire.pw_registry}}, Ptr{Nothing}})
precompile(Tuple{Type{Ptr{PipeWireAO.LibPipeWire.pw_filter}}, Ptr{Nothing}})
precompile(Tuple{Type{NamedTuple{(:flags,), T} where T<:Tuple}, Tuple{UInt32}})
precompile(Tuple{typeof(Base.getproperty), Base.Order.By{PipeWireAO.var"#globals##6#globals##7", Base.Order.ForwardOrdering}, Symbol})
precompile(Tuple{typeof(Base.getproperty), Base.Order.Lt{Base.Sort.var"#_sort!##10#_sort!##11"{Base.Order.By{PipeWireAO.var"#globals##6#globals##7", Base.Order.ForwardOrdering}}}, Symbol})
precompile(Tuple{Type{Ptr{PipeWireAO.LibPipeWire.pw_proxy}}, Ptr{Nothing}})
precompile(Tuple{Type{NamedTuple{(:marker,), T} where T<:Tuple}, Tuple{Bool}})
precompile(Tuple{typeof(Base.indexed_iterate), Pair{String, String}, Int64})
precompile(Tuple{typeof(Base.indexed_iterate), Pair{String, String}, Int64, Int64})
precompile(Tuple{Type{Base.Generator{I, F} where F where I}, HILNativeOwnerBootstrap.NativeOwnerBootstrapCodec.var"#2#3", NTuple{6, String}})
precompile(Tuple{typeof(Base.Iterators.rest), Base.Generator{NTuple{6, String}, HILNativeOwnerBootstrap.NativeOwnerBootstrapCodec.var"#2#3"}})
precompile(Tuple{typeof(Base.getproperty), Base.Generator{NTuple{6, String}, HILNativeOwnerBootstrap.NativeOwnerBootstrapCodec.var"#2#3"}, Symbol})
precompile(Tuple{typeof(Base.iterate), Base.Generator{NTuple{6, String}, HILNativeOwnerBootstrap.NativeOwnerBootstrapCodec.var"#2#3"}})
precompile(Tuple{HILNativeOwnerBootstrap.NativeOwnerBootstrapCodec.var"#2#3", String})
precompile(Tuple{typeof(Base.indexed_iterate), Tuple{String, Int64}, Int64})
precompile(Tuple{typeof(Base.indexed_iterate), Tuple{String, Int64}, Int64, Int64})
precompile(Tuple{typeof(Base.iterate), Base.Generator{NTuple{6, String}, HILNativeOwnerBootstrap.NativeOwnerBootstrapCodec.var"#2#3"}, Int64})
precompile(Tuple{typeof(HILNativeOwnerBootstrap.NativeControlCodec._limit), Base.Val{:reply}, Symbol})
precompile(Tuple{typeof(Base.last), Tuple{Symbol, UInt32}})
precompile(Tuple{Type{NamedTuple{(:count,), T} where T<:Tuple}, Tuple{UInt32}})
precompile(Tuple{Type{Ptr{PipeWireAO.LibPipeWire.spa_pod}}, Ptr{Nothing}})
precompile(Tuple{typeof(Base.first), Tuple{Symbol, UInt32}})
precompile(Tuple{typeof(Base.indexed_iterate), Tuple{Symbol, UInt32}, Int64})
precompile(Tuple{typeof(Base.indexed_iterate), Tuple{Symbol, UInt32}, Int64, Int64})
precompile(Tuple{typeof(Base.cconvert), Type{Ptr{Base.Cstring}}, Ptr{Nothing}})
precompile(Tuple{typeof(Base.unsafe_convert), Type{Ptr{Base.Cstring}}, Ptr{Nothing}})
precompile(Tuple{Type{NamedTuple{(:interface,), T} where T<:Tuple}, Tuple{String}})
precompile(Tuple{typeof(Base.getproperty), Base.Generator{Tuple{}, PipeWireAO.var"#209#210"}, Symbol})
precompile(Tuple{typeof(Base.indexed_iterate), Tuple{Pair{String, String}, Int64}, Int64})
precompile(Tuple{typeof(Base.indexed_iterate), Tuple{Pair{String, String}, Int64}, Int64, Int64})
precompile(Tuple{typeof(Base.iterate), Pair{String, String}})
precompile(Tuple{typeof(Base.iterate), Pair{String, String}, Int64})
precompile(Tuple{Type{Pair{A, B} where B where A}, String, Nothing})
precompile(Tuple{Type{Pair{A, B} where B where A}, String, Array{Base.Dict{String, Any}, 1}})
precompile(Tuple{Type{NamedTuple{(:maximum,), T} where T<:Tuple}, Tuple{Int64}})
precompile(Tuple{Main.var"##with_control_private_core#6", Bool, typeof(Main.with_control_private_core), typeof(Main.measured)})
precompile(Tuple{typeof(Base.setproperty!), Base.Process, Symbol, Base.DevNull})
precompile(Tuple{typeof(Base.iterate), Base.Dict{String, String}})
precompile(Tuple{typeof(Base.iterate), Base.Dict{String, String}, Int64})
precompile(Tuple{typeof(Base.withenv), Main.var"#14#15"{String, String, typeof(Main.measured)}, Pair{String, String}, Vararg{Pair{String, String}}})
precompile(Tuple{typeof(Main.measured), String, String, Base.Process})
precompile(Tuple{typeof(Core.kwcall), NamedTuple{(:properties, :on_done, :on_error), Tuple{Base.Dict{String, String}, HILNativeOwnerBootstrap.NativeOwnerBootstrapRuntime.var"#Transport##2#Transport##3"{Base.RefValue{Int32}}, HILNativeOwnerBootstrap.NativeOwnerBootstrapRuntime.var"#Transport##4#Transport##5"{Base.RefValue{Union{Nothing, String}}, Base.Threads.Atomic{Bool}, Base.RefValue{Union{Nothing, HILNativeOwnerBootstrap.NativeControlEndpoint.Endpoint{P, C, L, F} where F where L where C where P<:HILNativeOwnerBootstrap.NativeControlClient.Profile}}}}}, Type{PipeWireAO.CoreConnection{Callbacks, ContextType, StateType} where StateType<:(PipeWireAO.CoreState{LoopType} where LoopType<:PipeWireAO.AbstractPipeWireLoop) where ContextType<:(PipeWireAO.Context{LoopType} where LoopType<:PipeWireAO.AbstractPipeWireLoop) where Callbacks}, PipeWireAO.Context{PipeWireAO.ThreadLoop}})
precompile(Tuple{typeof(PipeWireAO._core_events), PipeWireAO.CoreConnection{NamedTuple{(:on_info, :on_done, :on_ping, :on_error, :on_remove_id, :on_bound_id, :on_add_memory, :on_remove_memory, :on_bound_properties), Tuple{Nothing, HILNativeOwnerBootstrap.NativeOwnerBootstrapRuntime.var"#Transport##2#Transport##3"{Base.RefValue{Int32}}, Nothing, HILNativeOwnerBootstrap.NativeOwnerBootstrapRuntime.var"#Transport##4#Transport##5"{Base.RefValue{Union{Nothing, String}}, Base.Threads.Atomic{Bool}, Base.RefValue{Union{Nothing, HILNativeOwnerBootstrap.NativeControlEndpoint.Endpoint{P, C, L, F} where F where L where C where P<:HILNativeOwnerBootstrap.NativeControlClient.Profile}}}, Vararg{Nothing, 5}}}, PipeWireAO.Context{PipeWireAO.ThreadLoop}, PipeWireAO.CoreState{PipeWireAO.ThreadLoop}}})
precompile(Tuple{typeof(Core.kwcall), NamedTuple{(:publisher,), Tuple{HILNativeOwnerBootstrap.NativeOwnerBootstrapRuntime.var"#Transport##6#Transport##7"{Base.Threads.Atomic{Bool}}}}, Type{HILNativeOwnerBootstrap.NativeControlEndpoint.Endpoint{P, C, L, F} where F where L where C where P<:HILNativeOwnerBootstrap.NativeControlClient.Profile}, HILNativeOwnerBootstrap.NativeOwnerBootstrapCodec.Profile, Type{Union{HILNativeOwnerBootstrap.NativeOwnerBootstrapCodec.Command{:status}, HILNativeOwnerBootstrap.NativeOwnerBootstrapCodec.Command{:connect}, HILNativeOwnerBootstrap.NativeOwnerBootstrapCodec.Command{:quit}}}, PipeWireAO.ThreadLoop, PipeWireAO.CoreConnection{NamedTuple{(:on_info, :on_done, :on_ping, :on_error, :on_remove_id, :on_bound_id, :on_add_memory, :on_remove_memory, :on_bound_properties), Tuple{Nothing, HILNativeOwnerBootstrap.NativeOwnerBootstrapRuntime.var"#Transport##2#Transport##3"{Base.RefValue{Int32}}, Nothing, HILNativeOwnerBootstrap.NativeOwnerBootstrapRuntime.var"#Transport##4#Transport##5"{Base.RefValue{Union{Nothing, String}}, Base.Threads.Atomic{Bool}, Base.RefValue{Union{Nothing, HILNativeOwnerBootstrap.NativeControlEndpoint.Endpoint{P, C, L, F} where F where L where C where P<:HILNativeOwnerBootstrap.NativeControlClient.Profile}}}, Vararg{Nothing, 5}}}, PipeWireAO.Context{PipeWireAO.ThreadLoop}, PipeWireAO.CoreState{PipeWireAO.ThreadLoop}}, String, Int64, HILNativeOwnerBootstrap.NativeOwnerBootstrapCodec.Lifecycle})
precompile(Tuple{typeof(Base.getindex), Type{PipeWireAO.Pod}, PipeWireAO.Pod, PipeWireAO.Pod})
precompile(Tuple{Type{HILNativeOwnerBootstrap.NativeControlEndpoint.Endpoint{HILNativeOwnerBootstrap.NativeOwnerBootstrapCodec.Profile, Union{HILNativeOwnerBootstrap.NativeOwnerBootstrapCodec.Command{:status}, HILNativeOwnerBootstrap.NativeOwnerBootstrapCodec.Command{:connect}, HILNativeOwnerBootstrap.NativeOwnerBootstrapCodec.Command{:quit}}, HILNativeOwnerBootstrap.NativeOwnerBootstrapCodec.Lifecycle, HILNativeOwnerBootstrap.NativeOwnerBootstrapRuntime.var"#Transport##6#Transport##7"{Base.Threads.Atomic{Bool}}}}, HILNativeOwnerBootstrap.NativeOwnerBootstrapCodec.Profile, PipeWireAO.ThreadLoop, Nothing, Nothing, Int64, HILNativeOwnerBootstrap.NativeOwnerBootstrapCodec.Lifecycle, Function, Array{HILNativeOwnerBootstrap.NativeControlEndpoint.Controller, 1}, Nothing, Bool, Int64, Nothing, PipeWireAO.Pod, PipeWireAO.Pod, Nothing, Bool})
precompile(Tuple{typeof(Base.disable_sigint), PipeWireAO.var"#with_thread_loop_lock##0#with_thread_loop_lock##1"{HILNativeOwnerBootstrap.NativeControlEndpoint.var"#16#17"{Base.Dict{String, String}, HILNativeOwnerBootstrap.NativeOwnerBootstrapCodec.Profile, PipeWireAO.CoreConnection{NamedTuple{(:on_info, :on_done, :on_ping, :on_error, :on_remove_id, :on_bound_id, :on_add_memory, :on_remove_memory, :on_bound_properties), Tuple{Nothing, HILNativeOwnerBootstrap.NativeOwnerBootstrapRuntime.var"#Transport##2#Transport##3"{Base.RefValue{Int32}}, Nothing, HILNativeOwnerBootstrap.NativeOwnerBootstrapRuntime.var"#Transport##4#Transport##5"{Base.RefValue{Union{Nothing, String}}, Base.Threads.Atomic{Bool}, Base.RefValue{Union{Nothing, HILNativeOwnerBootstrap.NativeControlEndpoint.Endpoint{P, C, L, F} where F where L where C where P<:HILNativeOwnerBootstrap.NativeControlClient.Profile}}}, Vararg{Nothing, 5}}}, PipeWireAO.Context{PipeWireAO.ThreadLoop}, PipeWireAO.CoreState{PipeWireAO.ThreadLoop}}, String, Int64, HILNativeOwnerBootstrap.NativeControlEndpoint.Endpoint{HILNativeOwnerBootstrap.NativeOwnerBootstrapCodec.Profile, Union{HILNativeOwnerBootstrap.NativeOwnerBootstrapCodec.Command{:status}, HILNativeOwnerBootstrap.NativeOwnerBootstrapCodec.Command{:connect}, HILNativeOwnerBootstrap.NativeOwnerBootstrapCodec.Command{:quit}}, HILNativeOwnerBootstrap.NativeOwnerBootstrapCodec.Lifecycle, HILNativeOwnerBootstrap.NativeOwnerBootstrapRuntime.var"#Transport##6#Transport##7"{Base.Threads.Atomic{Bool}}}}, PipeWireAO.ThreadLoop}})
precompile(Tuple{typeof(PipeWireAO._filter_events), PipeWireAO.Filter{PipeWireAO.CoreConnection{NamedTuple{(:on_info, :on_done, :on_ping, :on_error, :on_remove_id, :on_bound_id, :on_add_memory, :on_remove_memory, :on_bound_properties), Tuple{Nothing, HILNativeOwnerBootstrap.NativeOwnerBootstrapRuntime.var"#Transport##2#Transport##3"{Base.RefValue{Int32}}, Nothing, HILNativeOwnerBootstrap.NativeOwnerBootstrapRuntime.var"#Transport##4#Transport##5"{Base.RefValue{Union{Nothing, String}}, Base.Threads.Atomic{Bool}, Base.RefValue{Union{Nothing, HILNativeOwnerBootstrap.NativeControlEndpoint.Endpoint{P, C, L, F} where F where L where C where P<:HILNativeOwnerBootstrap.NativeControlClient.Profile}}}, Vararg{Nothing, 5}}}, PipeWireAO.Context{PipeWireAO.ThreadLoop}, PipeWireAO.CoreState{PipeWireAO.ThreadLoop}}, NamedTuple{(:on_state_changed, :on_io_changed, :on_param_changed, :on_buffer_added, :on_buffer_removed, :on_process, :on_drained, :on_command), Tuple{Nothing, Nothing, HILNativeOwnerBootstrap.NativeControlEndpoint.var"#20#21"{HILNativeOwnerBootstrap.NativeControlEndpoint.Endpoint{HILNativeOwnerBootstrap.NativeOwnerBootstrapCodec.Profile, Union{HILNativeOwnerBootstrap.NativeOwnerBootstrapCodec.Command{:status}, HILNativeOwnerBootstrap.NativeOwnerBootstrapCodec.Command{:connect}, HILNativeOwnerBootstrap.NativeOwnerBootstrapCodec.Command{:quit}}, HILNativeOwnerBootstrap.NativeOwnerBootstrapCodec.Lifecycle, HILNativeOwnerBootstrap.NativeOwnerBootstrapRuntime.var"#Transport##6#Transport##7"{Base.Threads.Atomic{Bool}}}}, Vararg{Nothing, 5}}}}})
precompile(Tuple{Type{PipeWireAO.Pod}, Int32})
precompile(Tuple{Type{Pair{A, B} where B where A}, String, PipeWireAO.Pod})
precompile(Tuple{Type{PipeWireAO.Pod}, Int64})
precompile(Tuple{Type{PipeWireAO.Pod}, PipeWireAO.SPA.Id})
precompile(Tuple{HILNativeOwnerBootstrap.NativeOwnerBootstrapRuntime.var"#Transport##6#Transport##7"{Base.Threads.Atomic{Bool}}, PipeWireAO.Filter{PipeWireAO.CoreConnection{NamedTuple{(:on_info, :on_done, :on_ping, :on_error, :on_remove_id, :on_bound_id, :on_add_memory, :on_remove_memory, :on_bound_properties), Tuple{Nothing, HILNativeOwnerBootstrap.NativeOwnerBootstrapRuntime.var"#Transport##2#Transport##3"{Base.RefValue{Int32}}, Nothing, HILNativeOwnerBootstrap.NativeOwnerBootstrapRuntime.var"#Transport##4#Transport##5"{Base.RefValue{Union{Nothing, String}}, Base.Threads.Atomic{Bool}, Base.RefValue{Union{Nothing, HILNativeOwnerBootstrap.NativeControlEndpoint.Endpoint{P, C, L, F} where F where L where C where P<:HILNativeOwnerBootstrap.NativeControlClient.Profile}}}, Vararg{Nothing, 5}}}, PipeWireAO.Context{PipeWireAO.ThreadLoop}, PipeWireAO.CoreState{PipeWireAO.ThreadLoop}}, NamedTuple{(:on_state_changed, :on_io_changed, :on_param_changed, :on_buffer_added, :on_buffer_removed, :on_process, :on_drained, :on_command), Tuple{Nothing, Nothing, HILNativeOwnerBootstrap.NativeControlEndpoint.var"#20#21"{HILNativeOwnerBootstrap.NativeControlEndpoint.Endpoint{HILNativeOwnerBootstrap.NativeOwnerBootstrapCodec.Profile, Union{HILNativeOwnerBootstrap.NativeOwnerBootstrapCodec.Command{:status}, HILNativeOwnerBootstrap.NativeOwnerBootstrapCodec.Command{:connect}, HILNativeOwnerBootstrap.NativeOwnerBootstrapCodec.Command{:quit}}, HILNativeOwnerBootstrap.NativeOwnerBootstrapCodec.Lifecycle, HILNativeOwnerBootstrap.NativeOwnerBootstrapRuntime.var"#Transport##6#Transport##7"{Base.Threads.Atomic{Bool}}}}, Vararg{Nothing, 5}}}}, Array{PipeWireAO.Pod, 1}})
precompile(Tuple{typeof(Core.kwcall), NamedTuple{(:flags, :params), Tuple{UInt32, Array{PipeWireAO.Pod, 1}}}, typeof(PipeWireAO.connect!), PipeWireAO.Filter{PipeWireAO.CoreConnection{NamedTuple{(:on_info, :on_done, :on_ping, :on_error, :on_remove_id, :on_bound_id, :on_add_memory, :on_remove_memory, :on_bound_properties), Tuple{Nothing, HILNativeOwnerBootstrap.NativeOwnerBootstrapRuntime.var"#Transport##2#Transport##3"{Base.RefValue{Int32}}, Nothing, HILNativeOwnerBootstrap.NativeOwnerBootstrapRuntime.var"#Transport##4#Transport##5"{Base.RefValue{Union{Nothing, String}}, Base.Threads.Atomic{Bool}, Base.RefValue{Union{Nothing, HILNativeOwnerBootstrap.NativeControlEndpoint.Endpoint{P, C, L, F} where F where L where C where P<:HILNativeOwnerBootstrap.NativeControlClient.Profile}}}, Vararg{Nothing, 5}}}, PipeWireAO.Context{PipeWireAO.ThreadLoop}, PipeWireAO.CoreState{PipeWireAO.ThreadLoop}}, NamedTuple{(:on_state_changed, :on_io_changed, :on_param_changed, :on_buffer_added, :on_buffer_removed, :on_process, :on_drained, :on_command), Tuple{Nothing, Nothing, HILNativeOwnerBootstrap.NativeControlEndpoint.var"#20#21"{HILNativeOwnerBootstrap.NativeControlEndpoint.Endpoint{HILNativeOwnerBootstrap.NativeOwnerBootstrapCodec.Profile, Union{HILNativeOwnerBootstrap.NativeOwnerBootstrapCodec.Command{:status}, HILNativeOwnerBootstrap.NativeOwnerBootstrapCodec.Command{:connect}, HILNativeOwnerBootstrap.NativeOwnerBootstrapCodec.Command{:quit}}, HILNativeOwnerBootstrap.NativeOwnerBootstrapCodec.Lifecycle, HILNativeOwnerBootstrap.NativeOwnerBootstrapRuntime.var"#Transport##6#Transport##7"{Base.Threads.Atomic{Bool}}}}, Vararg{Nothing, 5}}}}})
precompile(Tuple{typeof(Base.:(>=)), Int32, Int64})
precompile(Tuple{typeof(Base.getproperty), HILNativeOwnerBootstrap.NativeControlEndpoint.Endpoint{HILNativeOwnerBootstrap.NativeOwnerBootstrapCodec.Profile, Union{HILNativeOwnerBootstrap.NativeOwnerBootstrapCodec.Command{:status}, HILNativeOwnerBootstrap.NativeOwnerBootstrapCodec.Command{:connect}, HILNativeOwnerBootstrap.NativeOwnerBootstrapCodec.Command{:quit}}, HILNativeOwnerBootstrap.NativeOwnerBootstrapCodec.Lifecycle, HILNativeOwnerBootstrap.NativeOwnerBootstrapRuntime.var"#Transport##6#Transport##7"{Base.Threads.Atomic{Bool}}}, Symbol})
precompile(Tuple{typeof(Core.kwcall), NamedTuple{(:on_global_added, :on_global_removed), Tuple{HILNativeOwnerBootstrap.NativeOwnerBootstrapRuntime.var"#Transport##8#Transport##9"{Base.Threads.Atomic{Bool}}, HILNativeOwnerBootstrap.NativeOwnerBootstrapRuntime.var"#Transport##10#Transport##11"{Base.Threads.Atomic{Bool}}}}, typeof(PipeWireAO.add_listener!), PipeWireAO.Registry{PipeWireAO.CoreConnection{NamedTuple{(:on_info, :on_done, :on_ping, :on_error, :on_remove_id, :on_bound_id, :on_add_memory, :on_remove_memory, :on_bound_properties), Tuple{Nothing, HILNativeOwnerBootstrap.NativeOwnerBootstrapRuntime.var"#Transport##2#Transport##3"{Base.RefValue{Int32}}, Nothing, HILNativeOwnerBootstrap.NativeOwnerBootstrapRuntime.var"#Transport##4#Transport##5"{Base.RefValue{Union{Nothing, String}}, Base.Threads.Atomic{Bool}, Base.RefValue{Union{Nothing, HILNativeOwnerBootstrap.NativeControlEndpoint.Endpoint{P, C, L, F} where F where L where C where P<:HILNativeOwnerBootstrap.NativeControlClient.Profile}}}, Vararg{Nothing, 5}}}, PipeWireAO.Context{PipeWireAO.ThreadLoop}, PipeWireAO.CoreState{PipeWireAO.ThreadLoop}}}})
precompile(Tuple{typeof(PipeWireAO._listener_registry_events), PipeWireAO.ManagedListener{PipeWireAO.Registry{PipeWireAO.CoreConnection{NamedTuple{(:on_info, :on_done, :on_ping, :on_error, :on_remove_id, :on_bound_id, :on_add_memory, :on_remove_memory, :on_bound_properties), Tuple{Nothing, HILNativeOwnerBootstrap.NativeOwnerBootstrapRuntime.var"#Transport##2#Transport##3"{Base.RefValue{Int32}}, Nothing, HILNativeOwnerBootstrap.NativeOwnerBootstrapRuntime.var"#Transport##4#Transport##5"{Base.RefValue{Union{Nothing, String}}, Base.Threads.Atomic{Bool}, Base.RefValue{Union{Nothing, HILNativeOwnerBootstrap.NativeControlEndpoint.Endpoint{P, C, L, F} where F where L where C where P<:HILNativeOwnerBootstrap.NativeControlClient.Profile}}}, Vararg{Nothing, 5}}}, PipeWireAO.Context{PipeWireAO.ThreadLoop}, PipeWireAO.CoreState{PipeWireAO.ThreadLoop}}}, PipeWireAO.LibPipeWire.pw_registry_events, NamedTuple{(:on_global_added, :on_global_removed), Tuple{HILNativeOwnerBootstrap.NativeOwnerBootstrapRuntime.var"#Transport##8#Transport##9"{Base.Threads.Atomic{Bool}}, HILNativeOwnerBootstrap.NativeOwnerBootstrapRuntime.var"#Transport##10#Transport##11"{Base.Threads.Atomic{Bool}}}}}})
precompile(Tuple{typeof(PipeWireAO._activate_listener!), PipeWireAO.ManagedListener{PipeWireAO.Registry{PipeWireAO.CoreConnection{NamedTuple{(:on_info, :on_done, :on_ping, :on_error, :on_remove_id, :on_bound_id, :on_add_memory, :on_remove_memory, :on_bound_properties), Tuple{Nothing, HILNativeOwnerBootstrap.NativeOwnerBootstrapRuntime.var"#Transport##2#Transport##3"{Base.RefValue{Int32}}, Nothing, HILNativeOwnerBootstrap.NativeOwnerBootstrapRuntime.var"#Transport##4#Transport##5"{Base.RefValue{Union{Nothing, String}}, Base.Threads.Atomic{Bool}, Base.RefValue{Union{Nothing, HILNativeOwnerBootstrap.NativeControlEndpoint.Endpoint{P, C, L, F} where F where L where C where P<:HILNativeOwnerBootstrap.NativeControlClient.Profile}}}, Vararg{Nothing, 5}}}, PipeWireAO.Context{PipeWireAO.ThreadLoop}, PipeWireAO.CoreState{PipeWireAO.ThreadLoop}}}, PipeWireAO.LibPipeWire.pw_registry_events, NamedTuple{(:on_global_added, :on_global_removed), Tuple{HILNativeOwnerBootstrap.NativeOwnerBootstrapRuntime.var"#Transport##8#Transport##9"{Base.Threads.Atomic{Bool}}, HILNativeOwnerBootstrap.NativeOwnerBootstrapRuntime.var"#Transport##10#Transport##11"{Base.Threads.Atomic{Bool}}}}}})
precompile(Tuple{typeof(Base.setindex!), Base.RefValue{Union{Nothing, HILNativeOwnerBootstrap.NativeControlEndpoint.Endpoint{P, C, L, F} where F where L where C where P<:HILNativeOwnerBootstrap.NativeControlClient.Profile}}, HILNativeOwnerBootstrap.NativeControlEndpoint.Endpoint{HILNativeOwnerBootstrap.NativeOwnerBootstrapCodec.Profile, Union{HILNativeOwnerBootstrap.NativeOwnerBootstrapCodec.Command{:status}, HILNativeOwnerBootstrap.NativeOwnerBootstrapCodec.Command{:connect}, HILNativeOwnerBootstrap.NativeOwnerBootstrapCodec.Command{:quit}}, HILNativeOwnerBootstrap.NativeOwnerBootstrapCodec.Lifecycle, HILNativeOwnerBootstrap.NativeOwnerBootstrapRuntime.var"#Transport##6#Transport##7"{Base.Threads.Atomic{Bool}}}})
precompile(Tuple{Type{HILNativeOwnerBootstrap.NativeOwnerBootstrapRuntime.Transport{P, C, E, L} where L where E where C where P<:HILNativeOwnerBootstrap.NativeOwnerBootstrapCodec.Profile}, HILNativeOwnerBootstrap.NativeOwnerBootstrapCodec.Profile, PipeWireAO.ThreadLoop, PipeWireAO.Context{PipeWireAO.ThreadLoop}, PipeWireAO.CoreConnection{NamedTuple{(:on_info, :on_done, :on_ping, :on_error, :on_remove_id, :on_bound_id, :on_add_memory, :on_remove_memory, :on_bound_properties), Tuple{Nothing, HILNativeOwnerBootstrap.NativeOwnerBootstrapRuntime.var"#Transport##2#Transport##3"{Base.RefValue{Int32}}, Nothing, HILNativeOwnerBootstrap.NativeOwnerBootstrapRuntime.var"#Transport##4#Transport##5"{Base.RefValue{Union{Nothing, String}}, Base.Threads.Atomic{Bool}, Base.RefValue{Union{Nothing, HILNativeOwnerBootstrap.NativeControlEndpoint.Endpoint{P, C, L, F} where F where L where C where P<:HILNativeOwnerBootstrap.NativeControlClient.Profile}}}, Vararg{Nothing, 5}}}, PipeWireAO.Context{PipeWireAO.ThreadLoop}, PipeWireAO.CoreState{PipeWireAO.ThreadLoop}}, HILNativeOwnerBootstrap.NativeControlEndpoint.Endpoint{HILNativeOwnerBootstrap.NativeOwnerBootstrapCodec.Profile, Union{HILNativeOwnerBootstrap.NativeOwnerBootstrapCodec.Command{:status}, HILNativeOwnerBootstrap.NativeOwnerBootstrapCodec.Command{:connect}, HILNativeOwnerBootstrap.NativeOwnerBootstrapCodec.Command{:quit}}, HILNativeOwnerBootstrap.NativeOwnerBootstrapCodec.Lifecycle, HILNativeOwnerBootstrap.NativeOwnerBootstrapRuntime.var"#Transport##6#Transport##7"{Base.Threads.Atomic{Bool}}}, PipeWireAO.ManagedListener{PipeWireAO.Registry{PipeWireAO.CoreConnection{NamedTuple{(:on_info, :on_done, :on_ping, :on_error, :on_remove_id, :on_bound_id, :on_add_memory, :on_remove_memory, :on_bound_properties), Tuple{Nothing, HILNativeOwnerBootstrap.NativeOwnerBootstrapRuntime.var"#Transport##2#Transport##3"{Base.RefValue{Int32}}, Nothing, HILNativeOwnerBootstrap.NativeOwnerBootstrapRuntime.var"#Transport##4#Transport##5"{Base.RefValue{Union{Nothing, String}}, Base.Threads.Atomic{Bool}, Base.RefValue{Union{Nothing, HILNativeOwnerBootstrap.NativeControlEndpoint.Endpoint{P, C, L, F} where F where L where C where P<:HILNativeOwnerBootstrap.NativeControlClient.Profile}}}, Vararg{Nothing, 5}}}, PipeWireAO.Context{PipeWireAO.ThreadLoop}, PipeWireAO.CoreState{PipeWireAO.ThreadLoop}}}, PipeWireAO.LibPipeWire.pw_registry_events, NamedTuple{(:on_global_added, :on_global_removed), Tuple{HILNativeOwnerBootstrap.NativeOwnerBootstrapRuntime.var"#Transport##8#Transport##9"{Base.Threads.Atomic{Bool}}, HILNativeOwnerBootstrap.NativeOwnerBootstrapRuntime.var"#Transport##10#Transport##11"{Base.Threads.Atomic{Bool}}}}}, Base.RefValue{Int32}, Base.Threads.Atomic{Bool}, Bool})
precompile(Tuple{typeof(Base.Compiler._return_type), Base.Compiler.NativeInterpreter, typeof(DataType)})
precompile(Tuple{typeof(Base.close), PipeWireAO.Properties})
precompile(Tuple{Type{NamedTuple{(:result, :message), T} where T<:Tuple}, Tuple{Int32, String}})
precompile(Tuple{typeof(PipeWireAO._core_uint32), UInt32, String})
precompile(Tuple{typeof(PipeWireAO._core_sequence), Int64})
precompile(Tuple{Type{StableTasks.StableTask{T} where T}, Task, StableTasks.AtomicRef{Nothing}})
precompile(Tuple{HILNativeOwnerBootstrap.NativeOwnerBootstrapRuntime.var"#Runtime##2#Runtime##3"{StableTasks.AtomicRef{Nothing}, HILNativeOwnerBootstrap.NativeOwnerBootstrapRuntime.var"#Runtime##0#Runtime##1"{HILNativeOwnerBootstrap.NativeOwnerBootstrapRuntime.Runtime{HILNativeOwnerBootstrap.NativeOwnerBootstrapRuntime.Transport{HILNativeOwnerBootstrap.NativeOwnerBootstrapCodec.Profile, PipeWireAO.CoreConnection{NamedTuple{(:on_info, :on_done, :on_ping, :on_error, :on_remove_id, :on_bound_id, :on_add_memory, :on_remove_memory, :on_bound_properties), Tuple{Nothing, HILNativeOwnerBootstrap.NativeOwnerBootstrapRuntime.var"#Transport##2#Transport##3"{Base.RefValue{Int32}}, Nothing, HILNativeOwnerBootstrap.NativeOwnerBootstrapRuntime.var"#Transport##4#Transport##5"{Base.RefValue{Union{Nothing, String}}, Base.Threads.Atomic{Bool}, Base.RefValue{Union{Nothing, HILNativeOwnerBootstrap.NativeControlEndpoint.Endpoint{P, C, L, F} where F where L where C where P<:HILNativeOwnerBootstrap.NativeControlClient.Profile}}}, Vararg{Nothing, 5}}}, PipeWireAO.Context{PipeWireAO.ThreadLoop}, PipeWireAO.CoreState{PipeWireAO.ThreadLoop}}, HILNativeOwnerBootstrap.NativeControlEndpoint.Endpoint{HILNativeOwnerBootstrap.NativeOwnerBootstrapCodec.Profile, Union{HILNativeOwnerBootstrap.NativeOwnerBootstrapCodec.Command{:status}, HILNativeOwnerBootstrap.NativeOwnerBootstrapCodec.Command{:connect}, HILNativeOwnerBootstrap.NativeOwnerBootstrapCodec.Command{:quit}}, HILNativeOwnerBootstrap.NativeOwnerBootstrapCodec.Lifecycle, HILNativeOwnerBootstrap.NativeOwnerBootstrapRuntime.var"#Transport##6#Transport##7"{Base.Threads.Atomic{Bool}}}, PipeWireAO.ManagedListener{PipeWireAO.Registry{PipeWireAO.CoreConnection{NamedTuple{(:on_info, :on_done, :on_ping, :on_error, :on_remove_id, :on_bound_id, :on_add_memory, :on_remove_memory, :on_bound_properties), Tuple{Nothing, HILNativeOwnerBootstrap.NativeOwnerBootstrapRuntime.var"#Transport##2#Transport##3"{Base.RefValue{Int32}}, Nothing, HILNativeOwnerBootstrap.NativeOwnerBootstrapRuntime.var"#Transport##4#Transport##5"{Base.RefValue{Union{Nothing, String}}, Base.Threads.Atomic{Bool}, Base.RefValue{Union{Nothing, HILNativeOwnerBootstrap.NativeControlEndpoint.Endpoint{P, C, L, F} where F where L where C where P<:HILNativeOwnerBootstrap.NativeControlClient.Profile}}}, Vararg{Nothing, 5}}}, PipeWireAO.Context{PipeWireAO.ThreadLoop}, PipeWireAO.CoreState{PipeWireAO.ThreadLoop}}}, PipeWireAO.LibPipeWire.pw_registry_events, NamedTuple{(:on_global_added, :on_global_removed), Tuple{HILNativeOwnerBootstrap.NativeOwnerBootstrapRuntime.var"#Transport##8#Transport##9"{Base.Threads.Atomic{Bool}}, HILNativeOwnerBootstrap.NativeOwnerBootstrapRuntime.var"#Transport##10#Transport##11"{Base.Threads.Atomic{Bool}}}}}}}}}})
precompile(Tuple{typeof(HILNativeOwnerBootstrap.NativeControlClient.deadline_check), Float64, HILNativeOwnerBootstrap.NativeOwnerBootstrapClient.var"#connect##6#connect##7"})
precompile(Tuple{typeof(PipeWireAO.filter_state), PipeWireAO.Filter{PipeWireAO.CoreConnection{NamedTuple{(:on_info, :on_done, :on_ping, :on_error, :on_remove_id, :on_bound_id, :on_add_memory, :on_remove_memory, :on_bound_properties), Tuple{Nothing, HILNativeOwnerBootstrap.NativeOwnerBootstrapRuntime.var"#Transport##2#Transport##3"{Base.RefValue{Int32}}, Nothing, HILNativeOwnerBootstrap.NativeOwnerBootstrapRuntime.var"#Transport##4#Transport##5"{Base.RefValue{Union{Nothing, String}}, Base.Threads.Atomic{Bool}, Base.RefValue{Union{Nothing, HILNativeOwnerBootstrap.NativeControlEndpoint.Endpoint{P, C, L, F} where F where L where C where P<:HILNativeOwnerBootstrap.NativeControlClient.Profile}}}, Vararg{Nothing, 5}}}, PipeWireAO.Context{PipeWireAO.ThreadLoop}, PipeWireAO.CoreState{PipeWireAO.ThreadLoop}}, NamedTuple{(:on_state_changed, :on_io_changed, :on_param_changed, :on_buffer_added, :on_buffer_removed, :on_process, :on_drained, :on_command), Tuple{Nothing, Nothing, HILNativeOwnerBootstrap.NativeControlEndpoint.var"#20#21"{HILNativeOwnerBootstrap.NativeControlEndpoint.Endpoint{HILNativeOwnerBootstrap.NativeOwnerBootstrapCodec.Profile, Union{HILNativeOwnerBootstrap.NativeOwnerBootstrapCodec.Command{:status}, HILNativeOwnerBootstrap.NativeOwnerBootstrapCodec.Command{:connect}, HILNativeOwnerBootstrap.NativeOwnerBootstrapCodec.Command{:quit}}, HILNativeOwnerBootstrap.NativeOwnerBootstrapCodec.Lifecycle, HILNativeOwnerBootstrap.NativeOwnerBootstrapRuntime.var"#Transport##6#Transport##7"{Base.Threads.Atomic{Bool}}}}, Vararg{Nothing, 5}}}}})
precompile(Tuple{typeof(Base.disable_sigint), PipeWireAO.var"#with_thread_loop_lock##0#with_thread_loop_lock##1"{HILNativeOwnerBootstrap.NativeControlClient.var"#27#28"{Float64, HILNativeOwnerBootstrap.NativeOwnerBootstrapClient.var"#connect##6#connect##7", HILNativeOwnerBootstrap.NativeControlClient.Client{HILNativeOwnerBootstrap.NativeControlClient.Observation{HILNativeOwnerBootstrap.NativeOwnerBootstrapCodec.Profile, HILNativeOwnerBootstrap.NativeOwnerBootstrapCodec.Lifecycle, HILNativeOwnerBootstrap.NativeOwnerBootstrapCodec.Completion, HILNativeOwnerBootstrap.NativeOwnerBootstrapCodec.Rejection}}, HILNativeOwnerBootstrap.NativeControlClient.Observation{HILNativeOwnerBootstrap.NativeOwnerBootstrapCodec.Profile, HILNativeOwnerBootstrap.NativeOwnerBootstrapCodec.Lifecycle, HILNativeOwnerBootstrap.NativeOwnerBootstrapCodec.Completion, HILNativeOwnerBootstrap.NativeOwnerBootstrapCodec.Rejection}, String, Int64, String}, PipeWireAO.ThreadLoop}})
precompile(Tuple{typeof(Core.kwcall), NamedTuple{(:interface,), Tuple{String}}, typeof(PipeWireAO.find_globals), PipeWireAO.Registry{PipeWireAO.CoreConnection{NamedTuple{(:on_info, :on_done, :on_ping, :on_error, :on_remove_id, :on_bound_id, :on_add_memory, :on_remove_memory, :on_bound_properties), Tuple{Nothing, HILNativeOwnerBootstrap.NativeOwnerBootstrapRuntime.var"#Transport##2#Transport##3"{Base.RefValue{Int32}}, Nothing, HILNativeOwnerBootstrap.NativeOwnerBootstrapRuntime.var"#Transport##4#Transport##5"{Base.RefValue{Union{Nothing, String}}, Base.Threads.Atomic{Bool}, Base.RefValue{Union{Nothing, HILNativeOwnerBootstrap.NativeControlEndpoint.Endpoint{P, C, L, F} where F where L where C where P<:HILNativeOwnerBootstrap.NativeControlClient.Profile}}}, Vararg{Nothing, 5}}}, PipeWireAO.Context{PipeWireAO.ThreadLoop}, PipeWireAO.CoreState{PipeWireAO.ThreadLoop}}}})
precompile(Tuple{typeof(Core.kwcall), NamedTuple{(:properties, :on_error), Tuple{Base.Dict{String, String}, HILNativeOwnerBootstrap.NativeControlClient.var"#29#30"{HILNativeOwnerBootstrap.NativeControlClient.Observation{HILNativeOwnerBootstrap.NativeOwnerBootstrapCodec.Profile, HILNativeOwnerBootstrap.NativeOwnerBootstrapCodec.Lifecycle, HILNativeOwnerBootstrap.NativeOwnerBootstrapCodec.Completion, HILNativeOwnerBootstrap.NativeOwnerBootstrapCodec.Rejection}}}}, Type{PipeWireAO.CoreConnection{Callbacks, ContextType, StateType} where StateType<:(PipeWireAO.CoreState{LoopType} where LoopType<:PipeWireAO.AbstractPipeWireLoop) where ContextType<:(PipeWireAO.Context{LoopType} where LoopType<:PipeWireAO.AbstractPipeWireLoop) where Callbacks}, PipeWireAO.Context{PipeWireAO.ThreadLoop}})
precompile(Tuple{typeof(PipeWireAO._core_events), PipeWireAO.CoreConnection{NamedTuple{(:on_info, :on_done, :on_ping, :on_error, :on_remove_id, :on_bound_id, :on_add_memory, :on_remove_memory, :on_bound_properties), Tuple{Nothing, Nothing, Nothing, HILNativeOwnerBootstrap.NativeControlClient.var"#29#30"{HILNativeOwnerBootstrap.NativeControlClient.Observation{HILNativeOwnerBootstrap.NativeOwnerBootstrapCodec.Profile, HILNativeOwnerBootstrap.NativeOwnerBootstrapCodec.Lifecycle, HILNativeOwnerBootstrap.NativeOwnerBootstrapCodec.Completion, HILNativeOwnerBootstrap.NativeOwnerBootstrapCodec.Rejection}}, Vararg{Nothing, 5}}}, PipeWireAO.Context{PipeWireAO.ThreadLoop}, PipeWireAO.CoreState{PipeWireAO.ThreadLoop}}})
precompile(Tuple{Type{PipeWireAO.Registry{CoreType} where CoreType<:(PipeWireAO.CoreConnection{Callbacks, ContextType, StateType} where StateType<:(PipeWireAO.CoreState{LoopType} where LoopType<:PipeWireAO.AbstractPipeWireLoop) where ContextType<:(PipeWireAO.Context{LoopType} where LoopType<:PipeWireAO.AbstractPipeWireLoop) where Callbacks)}, PipeWireAO.CoreConnection{NamedTuple{(:on_info, :on_done, :on_ping, :on_error, :on_remove_id, :on_bound_id, :on_add_memory, :on_remove_memory, :on_bound_properties), Tuple{Nothing, Nothing, Nothing, HILNativeOwnerBootstrap.NativeControlClient.var"#29#30"{HILNativeOwnerBootstrap.NativeControlClient.Observation{HILNativeOwnerBootstrap.NativeOwnerBootstrapCodec.Profile, HILNativeOwnerBootstrap.NativeOwnerBootstrapCodec.Lifecycle, HILNativeOwnerBootstrap.NativeOwnerBootstrapCodec.Completion, HILNativeOwnerBootstrap.NativeOwnerBootstrapCodec.Rejection}}, Vararg{Nothing, 5}}}, PipeWireAO.Context{PipeWireAO.ThreadLoop}, PipeWireAO.CoreState{PipeWireAO.ThreadLoop}}})
precompile(Tuple{typeof(Core.kwcall), NamedTuple{(:properties,), Tuple{Base.Dict{String, String}}}, Type{PipeWireAO.Filter{CoreType, Callbacks} where Callbacks where CoreType<:(PipeWireAO.CoreConnection{Callbacks, ContextType, StateType} where StateType<:(PipeWireAO.CoreState{LoopType} where LoopType<:PipeWireAO.AbstractPipeWireLoop) where ContextType<:(PipeWireAO.Context{LoopType} where LoopType<:PipeWireAO.AbstractPipeWireLoop) where Callbacks)}, PipeWireAO.CoreConnection{NamedTuple{(:on_info, :on_done, :on_ping, :on_error, :on_remove_id, :on_bound_id, :on_add_memory, :on_remove_memory, :on_bound_properties), Tuple{Nothing, Nothing, Nothing, HILNativeOwnerBootstrap.NativeControlClient.var"#29#30"{HILNativeOwnerBootstrap.NativeControlClient.Observation{HILNativeOwnerBootstrap.NativeOwnerBootstrapCodec.Profile, HILNativeOwnerBootstrap.NativeOwnerBootstrapCodec.Lifecycle, HILNativeOwnerBootstrap.NativeOwnerBootstrapCodec.Completion, HILNativeOwnerBootstrap.NativeOwnerBootstrapCodec.Rejection}}, Vararg{Nothing, 5}}}, PipeWireAO.Context{PipeWireAO.ThreadLoop}, PipeWireAO.CoreState{PipeWireAO.ThreadLoop}}, String})
precompile(Tuple{typeof(Core.kwcall), NamedTuple{(:flags,), Tuple{UInt32}}, typeof(PipeWireAO.connect!), PipeWireAO.Filter{PipeWireAO.CoreConnection{NamedTuple{(:on_info, :on_done, :on_ping, :on_error, :on_remove_id, :on_bound_id, :on_add_memory, :on_remove_memory, :on_bound_properties), Tuple{Nothing, Nothing, Nothing, HILNativeOwnerBootstrap.NativeControlClient.var"#29#30"{HILNativeOwnerBootstrap.NativeControlClient.Observation{HILNativeOwnerBootstrap.NativeOwnerBootstrapCodec.Profile, HILNativeOwnerBootstrap.NativeOwnerBootstrapCodec.Lifecycle, HILNativeOwnerBootstrap.NativeOwnerBootstrapCodec.Completion, HILNativeOwnerBootstrap.NativeOwnerBootstrapCodec.Rejection}}, Vararg{Nothing, 5}}}, PipeWireAO.Context{PipeWireAO.ThreadLoop}, PipeWireAO.CoreState{PipeWireAO.ThreadLoop}}, NamedTuple{(:on_state_changed, :on_io_changed, :on_param_changed, :on_buffer_added, :on_buffer_removed, :on_process, :on_drained, :on_command), NTuple{8, Nothing}}}})
precompile(Tuple{typeof(Core.kwcall), NamedTuple{(:interface, :properties), Tuple{String, Tuple{Pair{String, String}}}}, typeof(PipeWireAO.find_globals), PipeWireAO.Registry{PipeWireAO.CoreConnection{NamedTuple{(:on_info, :on_done, :on_ping, :on_error, :on_remove_id, :on_bound_id, :on_add_memory, :on_remove_memory, :on_bound_properties), Tuple{Nothing, Nothing, Nothing, HILNativeOwnerBootstrap.NativeControlClient.var"#29#30"{HILNativeOwnerBootstrap.NativeControlClient.Observation{HILNativeOwnerBootstrap.NativeOwnerBootstrapCodec.Profile, HILNativeOwnerBootstrap.NativeOwnerBootstrapCodec.Lifecycle, HILNativeOwnerBootstrap.NativeOwnerBootstrapCodec.Completion, HILNativeOwnerBootstrap.NativeOwnerBootstrapCodec.Rejection}}, Vararg{Nothing, 5}}}, PipeWireAO.Context{PipeWireAO.ThreadLoop}, PipeWireAO.CoreState{PipeWireAO.ThreadLoop}}}})
precompile(Tuple{typeof(Core.kwcall), NamedTuple{(:on_info, :on_removed, :on_error), Tuple{HILNativeOwnerBootstrap.NativeControlEndpoint.var"#refresh_controllers!##8#refresh_controllers!##9"{HILNativeOwnerBootstrap.NativeControlEndpoint.Endpoint{HILNativeOwnerBootstrap.NativeOwnerBootstrapCodec.Profile, Union{HILNativeOwnerBootstrap.NativeOwnerBootstrapCodec.Command{:status}, HILNativeOwnerBootstrap.NativeOwnerBootstrapCodec.Command{:connect}, HILNativeOwnerBootstrap.NativeOwnerBootstrapCodec.Command{:quit}}, HILNativeOwnerBootstrap.NativeOwnerBootstrapCodec.Lifecycle, HILNativeOwnerBootstrap.NativeOwnerBootstrapRuntime.var"#Transport##6#Transport##7"{Base.Threads.Atomic{Bool}}}, HILNativeOwnerBootstrap.NativeControlEndpoint.Controller}, HILNativeOwnerBootstrap.NativeControlEndpoint.var"#refresh_controllers!##10#refresh_controllers!##11"{HILNativeOwnerBootstrap.NativeControlEndpoint.Endpoint{HILNativeOwnerBootstrap.NativeOwnerBootstrapCodec.Profile, Union{HILNativeOwnerBootstrap.NativeOwnerBootstrapCodec.Command{:status}, HILNativeOwnerBootstrap.NativeOwnerBootstrapCodec.Command{:connect}, HILNativeOwnerBootstrap.NativeOwnerBootstrapCodec.Command{:quit}}, HILNativeOwnerBootstrap.NativeOwnerBootstrapCodec.Lifecycle, HILNativeOwnerBootstrap.NativeOwnerBootstrapRuntime.var"#Transport##6#Transport##7"{Base.Threads.Atomic{Bool}}}, HILNativeOwnerBootstrap.NativeControlEndpoint.Controller}, HILNativeOwnerBootstrap.NativeControlEndpoint.var"#refresh_controllers!##12#refresh_controllers!##13"{HILNativeOwnerBootstrap.NativeControlEndpoint.Endpoint{HILNativeOwnerBootstrap.NativeOwnerBootstrapCodec.Profile, Union{HILNativeOwnerBootstrap.NativeOwnerBootstrapCodec.Command{:status}, HILNativeOwnerBootstrap.NativeOwnerBootstrapCodec.Command{:connect}, HILNativeOwnerBootstrap.NativeOwnerBootstrapCodec.Command{:quit}}, HILNativeOwnerBootstrap.NativeOwnerBootstrapCodec.Lifecycle, HILNativeOwnerBootstrap.NativeOwnerBootstrapRuntime.var"#Transport##6#Transport##7"{Base.Threads.Atomic{Bool}}}, HILNativeOwnerBootstrap.NativeControlEndpoint.Controller}}}, typeof(Base.bind), PipeWireAO.Registry{PipeWireAO.CoreConnection{NamedTuple{(:on_info, :on_done, :on_ping, :on_error, :on_remove_id, :on_bound_id, :on_add_memory, :on_remove_memory, :on_bound_properties), Tuple{Nothing, HILNativeOwnerBootstrap.NativeOwnerBootstrapRuntime.var"#Transport##2#Transport##3"{Base.RefValue{Int32}}, Nothing, HILNativeOwnerBootstrap.NativeOwnerBootstrapRuntime.var"#Transport##4#Transport##5"{Base.RefValue{Union{Nothing, String}}, Base.Threads.Atomic{Bool}, Base.RefValue{Union{Nothing, HILNativeOwnerBootstrap.NativeControlEndpoint.Endpoint{P, C, L, F} where F where L where C where P<:HILNativeOwnerBootstrap.NativeControlClient.Profile}}}, Vararg{Nothing, 5}}}, PipeWireAO.Context{PipeWireAO.ThreadLoop}, PipeWireAO.CoreState{PipeWireAO.ThreadLoop}}}, PipeWireAO.Global, Type{PipeWireAO.Node{ProxyType, Callbacks} where Callbacks where ProxyType<:(PipeWireAO.Proxy{Parent, Callbacks} where Callbacks where Parent)}})
precompile(Tuple{typeof(PipeWireAO._new_proxy), Ptr{Nothing}, PipeWireAO.Registry{PipeWireAO.CoreConnection{NamedTuple{(:on_info, :on_done, :on_ping, :on_error, :on_remove_id, :on_bound_id, :on_add_memory, :on_remove_memory, :on_bound_properties), Tuple{Nothing, HILNativeOwnerBootstrap.NativeOwnerBootstrapRuntime.var"#Transport##2#Transport##3"{Base.RefValue{Int32}}, Nothing, HILNativeOwnerBootstrap.NativeOwnerBootstrapRuntime.var"#Transport##4#Transport##5"{Base.RefValue{Union{Nothing, String}}, Base.Threads.Atomic{Bool}, Base.RefValue{Union{Nothing, HILNativeOwnerBootstrap.NativeControlEndpoint.Endpoint{P, C, L, F} where F where L where C where P<:HILNativeOwnerBootstrap.NativeControlClient.Profile}}}, Vararg{Nothing, 5}}}, PipeWireAO.Context{PipeWireAO.ThreadLoop}, PipeWireAO.CoreState{PipeWireAO.ThreadLoop}}}, String, UInt32, NamedTuple{(:on_bound, :on_removed, :on_done, :on_error, :on_bound_properties), Tuple{Nothing, HILNativeOwnerBootstrap.NativeControlEndpoint.var"#refresh_controllers!##10#refresh_controllers!##11"{HILNativeOwnerBootstrap.NativeControlEndpoint.Endpoint{HILNativeOwnerBootstrap.NativeOwnerBootstrapCodec.Profile, Union{HILNativeOwnerBootstrap.NativeOwnerBootstrapCodec.Command{:status}, HILNativeOwnerBootstrap.NativeOwnerBootstrapCodec.Command{:connect}, HILNativeOwnerBootstrap.NativeOwnerBootstrapCodec.Command{:quit}}, HILNativeOwnerBootstrap.NativeOwnerBootstrapCodec.Lifecycle, HILNativeOwnerBootstrap.NativeOwnerBootstrapRuntime.var"#Transport##6#Transport##7"{Base.Threads.Atomic{Bool}}}, HILNativeOwnerBootstrap.NativeControlEndpoint.Controller}, Nothing, HILNativeOwnerBootstrap.NativeControlEndpoint.var"#refresh_controllers!##12#refresh_controllers!##13"{HILNativeOwnerBootstrap.NativeControlEndpoint.Endpoint{HILNativeOwnerBootstrap.NativeOwnerBootstrapCodec.Profile, Union{HILNativeOwnerBootstrap.NativeOwnerBootstrapCodec.Command{:status}, HILNativeOwnerBootstrap.NativeOwnerBootstrapCodec.Command{:connect}, HILNativeOwnerBootstrap.NativeOwnerBootstrapCodec.Command{:quit}}, HILNativeOwnerBootstrap.NativeOwnerBootstrapCodec.Lifecycle, HILNativeOwnerBootstrap.NativeOwnerBootstrapRuntime.var"#Transport##6#Transport##7"{Base.Threads.Atomic{Bool}}}, HILNativeOwnerBootstrap.NativeControlEndpoint.Controller}, Nothing}}})
precompile(Tuple{typeof(PipeWireAO._node_events), PipeWireAO.Node{PipeWireAO.Proxy{PipeWireAO.Registry{PipeWireAO.CoreConnection{NamedTuple{(:on_info, :on_done, :on_ping, :on_error, :on_remove_id, :on_bound_id, :on_add_memory, :on_remove_memory, :on_bound_properties), Tuple{Nothing, HILNativeOwnerBootstrap.NativeOwnerBootstrapRuntime.var"#Transport##2#Transport##3"{Base.RefValue{Int32}}, Nothing, HILNativeOwnerBootstrap.NativeOwnerBootstrapRuntime.var"#Transport##4#Transport##5"{Base.RefValue{Union{Nothing, String}}, Base.Threads.Atomic{Bool}, Base.RefValue{Union{Nothing, HILNativeOwnerBootstrap.NativeControlEndpoint.Endpoint{P, C, L, F} where F where L where C where P<:HILNativeOwnerBootstrap.NativeControlClient.Profile}}}, Vararg{Nothing, 5}}}, PipeWireAO.Context{PipeWireAO.ThreadLoop}, PipeWireAO.CoreState{PipeWireAO.ThreadLoop}}}, NamedTuple{(:on_bound, :on_removed, :on_done, :on_error, :on_bound_properties), Tuple{Nothing, HILNativeOwnerBootstrap.NativeControlEndpoint.var"#refresh_controllers!##10#refresh_controllers!##11"{HILNativeOwnerBootstrap.NativeControlEndpoint.Endpoint{HILNativeOwnerBootstrap.NativeOwnerBootstrapCodec.Profile, Union{HILNativeOwnerBootstrap.NativeOwnerBootstrapCodec.Command{:status}, HILNativeOwnerBootstrap.NativeOwnerBootstrapCodec.Command{:connect}, HILNativeOwnerBootstrap.NativeOwnerBootstrapCodec.Command{:quit}}, HILNativeOwnerBootstrap.NativeOwnerBootstrapCodec.Lifecycle, HILNativeOwnerBootstrap.NativeOwnerBootstrapRuntime.var"#Transport##6#Transport##7"{Base.Threads.Atomic{Bool}}}, HILNativeOwnerBootstrap.NativeControlEndpoint.Controller}, Nothing, HILNativeOwnerBootstrap.NativeControlEndpoint.var"#refresh_controllers!##12#refresh_controllers!##13"{HILNativeOwnerBootstrap.NativeControlEndpoint.Endpoint{HILNativeOwnerBootstrap.NativeOwnerBootstrapCodec.Profile, Union{HILNativeOwnerBootstrap.NativeOwnerBootstrapCodec.Command{:status}, HILNativeOwnerBootstrap.NativeOwnerBootstrapCodec.Command{:connect}, HILNativeOwnerBootstrap.NativeOwnerBootstrapCodec.Command{:quit}}, HILNativeOwnerBootstrap.NativeOwnerBootstrapCodec.Lifecycle, HILNativeOwnerBootstrap.NativeOwnerBootstrapRuntime.var"#Transport##6#Transport##7"{Base.Threads.Atomic{Bool}}}, HILNativeOwnerBootstrap.NativeControlEndpoint.Controller}, Nothing}}}, NamedTuple{(:on_info, :on_param), Tuple{HILNativeOwnerBootstrap.NativeControlEndpoint.var"#refresh_controllers!##8#refresh_controllers!##9"{HILNativeOwnerBootstrap.NativeControlEndpoint.Endpoint{HILNativeOwnerBootstrap.NativeOwnerBootstrapCodec.Profile, Union{HILNativeOwnerBootstrap.NativeOwnerBootstrapCodec.Command{:status}, HILNativeOwnerBootstrap.NativeOwnerBootstrapCodec.Command{:connect}, HILNativeOwnerBootstrap.NativeOwnerBootstrapCodec.Command{:quit}}, HILNativeOwnerBootstrap.NativeOwnerBootstrapCodec.Lifecycle, HILNativeOwnerBootstrap.NativeOwnerBootstrapRuntime.var"#Transport##6#Transport##7"{Base.Threads.Atomic{Bool}}}, HILNativeOwnerBootstrap.NativeControlEndpoint.Controller}, Nothing}}}})
precompile(Tuple{typeof(Base.disable_sigint), PipeWireAO.var"#with_thread_loop_lock##0#with_thread_loop_lock##1"{HILNativeOwnerBootstrap.NativeControlClient.var"#33#34"{Float64, HILNativeOwnerBootstrap.NativeOwnerBootstrapClient.var"#connect##6#connect##7", HILNativeOwnerBootstrap.NativeControlClient.Client{HILNativeOwnerBootstrap.NativeControlClient.Observation{HILNativeOwnerBootstrap.NativeOwnerBootstrapCodec.Profile, HILNativeOwnerBootstrap.NativeOwnerBootstrapCodec.Lifecycle, HILNativeOwnerBootstrap.NativeOwnerBootstrapCodec.Completion, HILNativeOwnerBootstrap.NativeOwnerBootstrapCodec.Rejection}}, HILNativeOwnerBootstrap.NativeControlClient.Observation{HILNativeOwnerBootstrap.NativeOwnerBootstrapCodec.Profile, HILNativeOwnerBootstrap.NativeOwnerBootstrapCodec.Lifecycle, HILNativeOwnerBootstrap.NativeOwnerBootstrapCodec.Completion, HILNativeOwnerBootstrap.NativeOwnerBootstrapCodec.Rejection}, String, Int64, PipeWireAO.Global}, PipeWireAO.ThreadLoop}})
precompile(Tuple{typeof(Core.kwcall), NamedTuple{(:on_info, :on_removed, :on_error), Tuple{HILNativeOwnerBootstrap.NativeControlClient.var"#35#36"{HILNativeOwnerBootstrap.NativeControlClient.Client{HILNativeOwnerBootstrap.NativeControlClient.Observation{HILNativeOwnerBootstrap.NativeOwnerBootstrapCodec.Profile, HILNativeOwnerBootstrap.NativeOwnerBootstrapCodec.Lifecycle, HILNativeOwnerBootstrap.NativeOwnerBootstrapCodec.Completion, HILNativeOwnerBootstrap.NativeOwnerBootstrapCodec.Rejection}}}, HILNativeOwnerBootstrap.NativeControlClient.var"#37#38"{HILNativeOwnerBootstrap.NativeControlClient.Observation{HILNativeOwnerBootstrap.NativeOwnerBootstrapCodec.Profile, HILNativeOwnerBootstrap.NativeOwnerBootstrapCodec.Lifecycle, HILNativeOwnerBootstrap.NativeOwnerBootstrapCodec.Completion, HILNativeOwnerBootstrap.NativeOwnerBootstrapCodec.Rejection}}, HILNativeOwnerBootstrap.NativeControlClient.var"#39#40"{HILNativeOwnerBootstrap.NativeControlClient.Observation{HILNativeOwnerBootstrap.NativeOwnerBootstrapCodec.Profile, HILNativeOwnerBootstrap.NativeOwnerBootstrapCodec.Lifecycle, HILNativeOwnerBootstrap.NativeOwnerBootstrapCodec.Completion, HILNativeOwnerBootstrap.NativeOwnerBootstrapCodec.Rejection}}}}, typeof(Base.bind), PipeWireAO.Registry{PipeWireAO.CoreConnection{NamedTuple{(:on_info, :on_done, :on_ping, :on_error, :on_remove_id, :on_bound_id, :on_add_memory, :on_remove_memory, :on_bound_properties), Tuple{Nothing, Nothing, Nothing, HILNativeOwnerBootstrap.NativeControlClient.var"#29#30"{HILNativeOwnerBootstrap.NativeControlClient.Observation{HILNativeOwnerBootstrap.NativeOwnerBootstrapCodec.Profile, HILNativeOwnerBootstrap.NativeOwnerBootstrapCodec.Lifecycle, HILNativeOwnerBootstrap.NativeOwnerBootstrapCodec.Completion, HILNativeOwnerBootstrap.NativeOwnerBootstrapCodec.Rejection}}, Vararg{Nothing, 5}}}, PipeWireAO.Context{PipeWireAO.ThreadLoop}, PipeWireAO.CoreState{PipeWireAO.ThreadLoop}}}, PipeWireAO.Global, Type{PipeWireAO.Node{ProxyType, Callbacks} where Callbacks where ProxyType<:(PipeWireAO.Proxy{Parent, Callbacks} where Callbacks where Parent)}})
precompile(Tuple{typeof(PipeWireAO._new_proxy), Ptr{Nothing}, PipeWireAO.Registry{PipeWireAO.CoreConnection{NamedTuple{(:on_info, :on_done, :on_ping, :on_error, :on_remove_id, :on_bound_id, :on_add_memory, :on_remove_memory, :on_bound_properties), Tuple{Nothing, Nothing, Nothing, HILNativeOwnerBootstrap.NativeControlClient.var"#29#30"{HILNativeOwnerBootstrap.NativeControlClient.Observation{HILNativeOwnerBootstrap.NativeOwnerBootstrapCodec.Profile, HILNativeOwnerBootstrap.NativeOwnerBootstrapCodec.Lifecycle, HILNativeOwnerBootstrap.NativeOwnerBootstrapCodec.Completion, HILNativeOwnerBootstrap.NativeOwnerBootstrapCodec.Rejection}}, Vararg{Nothing, 5}}}, PipeWireAO.Context{PipeWireAO.ThreadLoop}, PipeWireAO.CoreState{PipeWireAO.ThreadLoop}}}, String, UInt32, NamedTuple{(:on_bound, :on_removed, :on_done, :on_error, :on_bound_properties), Tuple{Nothing, HILNativeOwnerBootstrap.NativeControlClient.var"#37#38"{HILNativeOwnerBootstrap.NativeControlClient.Observation{HILNativeOwnerBootstrap.NativeOwnerBootstrapCodec.Profile, HILNativeOwnerBootstrap.NativeOwnerBootstrapCodec.Lifecycle, HILNativeOwnerBootstrap.NativeOwnerBootstrapCodec.Completion, HILNativeOwnerBootstrap.NativeOwnerBootstrapCodec.Rejection}}, Nothing, HILNativeOwnerBootstrap.NativeControlClient.var"#39#40"{HILNativeOwnerBootstrap.NativeControlClient.Observation{HILNativeOwnerBootstrap.NativeOwnerBootstrapCodec.Profile, HILNativeOwnerBootstrap.NativeOwnerBootstrapCodec.Lifecycle, HILNativeOwnerBootstrap.NativeOwnerBootstrapCodec.Completion, HILNativeOwnerBootstrap.NativeOwnerBootstrapCodec.Rejection}}, Nothing}}})
precompile(Tuple{typeof(PipeWireAO._node_events), PipeWireAO.Node{PipeWireAO.Proxy{PipeWireAO.Registry{PipeWireAO.CoreConnection{NamedTuple{(:on_info, :on_done, :on_ping, :on_error, :on_remove_id, :on_bound_id, :on_add_memory, :on_remove_memory, :on_bound_properties), Tuple{Nothing, Nothing, Nothing, HILNativeOwnerBootstrap.NativeControlClient.var"#29#30"{HILNativeOwnerBootstrap.NativeControlClient.Observation{HILNativeOwnerBootstrap.NativeOwnerBootstrapCodec.Profile, HILNativeOwnerBootstrap.NativeOwnerBootstrapCodec.Lifecycle, HILNativeOwnerBootstrap.NativeOwnerBootstrapCodec.Completion, HILNativeOwnerBootstrap.NativeOwnerBootstrapCodec.Rejection}}, Vararg{Nothing, 5}}}, PipeWireAO.Context{PipeWireAO.ThreadLoop}, PipeWireAO.CoreState{PipeWireAO.ThreadLoop}}}, NamedTuple{(:on_bound, :on_removed, :on_done, :on_error, :on_bound_properties), Tuple{Nothing, HILNativeOwnerBootstrap.NativeControlClient.var"#37#38"{HILNativeOwnerBootstrap.NativeControlClient.Observation{HILNativeOwnerBootstrap.NativeOwnerBootstrapCodec.Profile, HILNativeOwnerBootstrap.NativeOwnerBootstrapCodec.Lifecycle, HILNativeOwnerBootstrap.NativeOwnerBootstrapCodec.Completion, HILNativeOwnerBootstrap.NativeOwnerBootstrapCodec.Rejection}}, Nothing, HILNativeOwnerBootstrap.NativeControlClient.var"#39#40"{HILNativeOwnerBootstrap.NativeControlClient.Observation{HILNativeOwnerBootstrap.NativeOwnerBootstrapCodec.Profile, HILNativeOwnerBootstrap.NativeOwnerBootstrapCodec.Lifecycle, HILNativeOwnerBootstrap.NativeOwnerBootstrapCodec.Completion, HILNativeOwnerBootstrap.NativeOwnerBootstrapCodec.Rejection}}, Nothing}}}, NamedTuple{(:on_info, :on_param), Tuple{HILNativeOwnerBootstrap.NativeControlClient.var"#35#36"{HILNativeOwnerBootstrap.NativeControlClient.Client{HILNativeOwnerBootstrap.NativeControlClient.Observation{HILNativeOwnerBootstrap.NativeOwnerBootstrapCodec.Profile, HILNativeOwnerBootstrap.NativeOwnerBootstrapCodec.Lifecycle, HILNativeOwnerBootstrap.NativeOwnerBootstrapCodec.Completion, HILNativeOwnerBootstrap.NativeOwnerBootstrapCodec.Rejection}}}, Nothing}}}})
precompile(Tuple{typeof(Base.disable_sigint), PipeWireAO.var"#with_thread_loop_lock##0#with_thread_loop_lock##1"{HILNativeOwnerBootstrap.NativeControlClient.var"#45#46"{Float64, HILNativeOwnerBootstrap.NativeOwnerBootstrapClient.var"#connect##6#connect##7", HILNativeOwnerBootstrap.NativeControlClient.Client{HILNativeOwnerBootstrap.NativeControlClient.Observation{HILNativeOwnerBootstrap.NativeOwnerBootstrapCodec.Profile, HILNativeOwnerBootstrap.NativeOwnerBootstrapCodec.Lifecycle, HILNativeOwnerBootstrap.NativeOwnerBootstrapCodec.Completion, HILNativeOwnerBootstrap.NativeOwnerBootstrapCodec.Rejection}}, HILNativeOwnerBootstrap.NativeControlClient.Observation{HILNativeOwnerBootstrap.NativeOwnerBootstrapCodec.Profile, HILNativeOwnerBootstrap.NativeOwnerBootstrapCodec.Lifecycle, HILNativeOwnerBootstrap.NativeOwnerBootstrapCodec.Completion, HILNativeOwnerBootstrap.NativeOwnerBootstrapCodec.Rejection}, PipeWireAO.Global}, PipeWireAO.ThreadLoop}})
precompile(Tuple{typeof(Core.kwcall), NamedTuple{(:on_info, :on_removed, :on_error, :on_param), Tuple{HILNativeOwnerBootstrap.NativeControlClient.var"#47#48"{HILNativeOwnerBootstrap.NativeControlClient.Client{HILNativeOwnerBootstrap.NativeControlClient.Observation{HILNativeOwnerBootstrap.NativeOwnerBootstrapCodec.Profile, HILNativeOwnerBootstrap.NativeOwnerBootstrapCodec.Lifecycle, HILNativeOwnerBootstrap.NativeOwnerBootstrapCodec.Completion, HILNativeOwnerBootstrap.NativeOwnerBootstrapCodec.Rejection}}}, HILNativeOwnerBootstrap.NativeControlClient.var"#49#50"{HILNativeOwnerBootstrap.NativeControlClient.Observation{HILNativeOwnerBootstrap.NativeOwnerBootstrapCodec.Profile, HILNativeOwnerBootstrap.NativeOwnerBootstrapCodec.Lifecycle, HILNativeOwnerBootstrap.NativeOwnerBootstrapCodec.Completion, HILNativeOwnerBootstrap.NativeOwnerBootstrapCodec.Rejection}}, HILNativeOwnerBootstrap.NativeControlClient.var"#51#52"{HILNativeOwnerBootstrap.NativeControlClient.Observation{HILNativeOwnerBootstrap.NativeOwnerBootstrapCodec.Profile, HILNativeOwnerBootstrap.NativeOwnerBootstrapCodec.Lifecycle, HILNativeOwnerBootstrap.NativeOwnerBootstrapCodec.Completion, HILNativeOwnerBootstrap.NativeOwnerBootstrapCodec.Rejection}}, HILNativeOwnerBootstrap.NativeControlClient.var"#53#54"{HILNativeOwnerBootstrap.NativeControlClient.Observation{HILNativeOwnerBootstrap.NativeOwnerBootstrapCodec.Profile, HILNativeOwnerBootstrap.NativeOwnerBootstrapCodec.Lifecycle, HILNativeOwnerBootstrap.NativeOwnerBootstrapCodec.Completion, HILNativeOwnerBootstrap.NativeOwnerBootstrapCodec.Rejection}}}}, typeof(Base.bind), PipeWireAO.Registry{PipeWireAO.CoreConnection{NamedTuple{(:on_info, :on_done, :on_ping, :on_error, :on_remove_id, :on_bound_id, :on_add_memory, :on_remove_memory, :on_bound_properties), Tuple{Nothing, Nothing, Nothing, HILNativeOwnerBootstrap.NativeControlClient.var"#29#30"{HILNativeOwnerBootstrap.NativeControlClient.Observation{HILNativeOwnerBootstrap.NativeOwnerBootstrapCodec.Profile, HILNativeOwnerBootstrap.NativeOwnerBootstrapCodec.Lifecycle, HILNativeOwnerBootstrap.NativeOwnerBootstrapCodec.Completion, HILNativeOwnerBootstrap.NativeOwnerBootstrapCodec.Rejection}}, Vararg{Nothing, 5}}}, PipeWireAO.Context{PipeWireAO.ThreadLoop}, PipeWireAO.CoreState{PipeWireAO.ThreadLoop}}}, PipeWireAO.Global, Type{PipeWireAO.Node{ProxyType, Callbacks} where Callbacks where ProxyType<:(PipeWireAO.Proxy{Parent, Callbacks} where Callbacks where Parent)}})
precompile(Tuple{typeof(PipeWireAO._new_proxy), Ptr{Nothing}, PipeWireAO.Registry{PipeWireAO.CoreConnection{NamedTuple{(:on_info, :on_done, :on_ping, :on_error, :on_remove_id, :on_bound_id, :on_add_memory, :on_remove_memory, :on_bound_properties), Tuple{Nothing, Nothing, Nothing, HILNativeOwnerBootstrap.NativeControlClient.var"#29#30"{HILNativeOwnerBootstrap.NativeControlClient.Observation{HILNativeOwnerBootstrap.NativeOwnerBootstrapCodec.Profile, HILNativeOwnerBootstrap.NativeOwnerBootstrapCodec.Lifecycle, HILNativeOwnerBootstrap.NativeOwnerBootstrapCodec.Completion, HILNativeOwnerBootstrap.NativeOwnerBootstrapCodec.Rejection}}, Vararg{Nothing, 5}}}, PipeWireAO.Context{PipeWireAO.ThreadLoop}, PipeWireAO.CoreState{PipeWireAO.ThreadLoop}}}, String, UInt32, NamedTuple{(:on_bound, :on_removed, :on_done, :on_error, :on_bound_properties), Tuple{Nothing, HILNativeOwnerBootstrap.NativeControlClient.var"#49#50"{HILNativeOwnerBootstrap.NativeControlClient.Observation{HILNativeOwnerBootstrap.NativeOwnerBootstrapCodec.Profile, HILNativeOwnerBootstrap.NativeOwnerBootstrapCodec.Lifecycle, HILNativeOwnerBootstrap.NativeOwnerBootstrapCodec.Completion, HILNativeOwnerBootstrap.NativeOwnerBootstrapCodec.Rejection}}, Nothing, HILNativeOwnerBootstrap.NativeControlClient.var"#51#52"{HILNativeOwnerBootstrap.NativeControlClient.Observation{HILNativeOwnerBootstrap.NativeOwnerBootstrapCodec.Profile, HILNativeOwnerBootstrap.NativeOwnerBootstrapCodec.Lifecycle, HILNativeOwnerBootstrap.NativeOwnerBootstrapCodec.Completion, HILNativeOwnerBootstrap.NativeOwnerBootstrapCodec.Rejection}}, Nothing}}})
precompile(Tuple{typeof(PipeWireAO._node_events), PipeWireAO.Node{PipeWireAO.Proxy{PipeWireAO.Registry{PipeWireAO.CoreConnection{NamedTuple{(:on_info, :on_done, :on_ping, :on_error, :on_remove_id, :on_bound_id, :on_add_memory, :on_remove_memory, :on_bound_properties), Tuple{Nothing, Nothing, Nothing, HILNativeOwnerBootstrap.NativeControlClient.var"#29#30"{HILNativeOwnerBootstrap.NativeControlClient.Observation{HILNativeOwnerBootstrap.NativeOwnerBootstrapCodec.Profile, HILNativeOwnerBootstrap.NativeOwnerBootstrapCodec.Lifecycle, HILNativeOwnerBootstrap.NativeOwnerBootstrapCodec.Completion, HILNativeOwnerBootstrap.NativeOwnerBootstrapCodec.Rejection}}, Vararg{Nothing, 5}}}, PipeWireAO.Context{PipeWireAO.ThreadLoop}, PipeWireAO.CoreState{PipeWireAO.ThreadLoop}}}, NamedTuple{(:on_bound, :on_removed, :on_done, :on_error, :on_bound_properties), Tuple{Nothing, HILNativeOwnerBootstrap.NativeControlClient.var"#49#50"{HILNativeOwnerBootstrap.NativeControlClient.Observation{HILNativeOwnerBootstrap.NativeOwnerBootstrapCodec.Profile, HILNativeOwnerBootstrap.NativeOwnerBootstrapCodec.Lifecycle, HILNativeOwnerBootstrap.NativeOwnerBootstrapCodec.Completion, HILNativeOwnerBootstrap.NativeOwnerBootstrapCodec.Rejection}}, Nothing, HILNativeOwnerBootstrap.NativeControlClient.var"#51#52"{HILNativeOwnerBootstrap.NativeControlClient.Observation{HILNativeOwnerBootstrap.NativeOwnerBootstrapCodec.Profile, HILNativeOwnerBootstrap.NativeOwnerBootstrapCodec.Lifecycle, HILNativeOwnerBootstrap.NativeOwnerBootstrapCodec.Completion, HILNativeOwnerBootstrap.NativeOwnerBootstrapCodec.Rejection}}, Nothing}}}, NamedTuple{(:on_info, :on_param), Tuple{HILNativeOwnerBootstrap.NativeControlClient.var"#47#48"{HILNativeOwnerBootstrap.NativeControlClient.Client{HILNativeOwnerBootstrap.NativeControlClient.Observation{HILNativeOwnerBootstrap.NativeOwnerBootstrapCodec.Profile, HILNativeOwnerBootstrap.NativeOwnerBootstrapCodec.Lifecycle, HILNativeOwnerBootstrap.NativeOwnerBootstrapCodec.Completion, HILNativeOwnerBootstrap.NativeOwnerBootstrapCodec.Rejection}}}, HILNativeOwnerBootstrap.NativeControlClient.var"#53#54"{HILNativeOwnerBootstrap.NativeControlClient.Observation{HILNativeOwnerBootstrap.NativeOwnerBootstrapCodec.Profile, HILNativeOwnerBootstrap.NativeOwnerBootstrapCodec.Lifecycle, HILNativeOwnerBootstrap.NativeOwnerBootstrapCodec.Completion, HILNativeOwnerBootstrap.NativeOwnerBootstrapCodec.Rejection}}}}}})
precompile(Tuple{typeof(Base.disable_sigint), PipeWireAO.var"#with_thread_loop_lock##0#with_thread_loop_lock##1"{HILNativeOwnerBootstrap.NativeControlClient.var"#57#58"{Float64, HILNativeOwnerBootstrap.NativeOwnerBootstrapClient.var"#connect##6#connect##7", HILNativeOwnerBootstrap.NativeControlClient.Client{HILNativeOwnerBootstrap.NativeControlClient.Observation{HILNativeOwnerBootstrap.NativeOwnerBootstrapCodec.Profile, HILNativeOwnerBootstrap.NativeOwnerBootstrapCodec.Lifecycle, HILNativeOwnerBootstrap.NativeOwnerBootstrapCodec.Completion, HILNativeOwnerBootstrap.NativeOwnerBootstrapCodec.Rejection}}}, PipeWireAO.ThreadLoop}})
precompile(Tuple{typeof(PipeWireAO.subscribe_params!), PipeWireAO.Node{PipeWireAO.Proxy{PipeWireAO.Registry{PipeWireAO.CoreConnection{NamedTuple{(:on_info, :on_done, :on_ping, :on_error, :on_remove_id, :on_bound_id, :on_add_memory, :on_remove_memory, :on_bound_properties), Tuple{Nothing, Nothing, Nothing, HILNativeOwnerBootstrap.NativeControlClient.var"#29#30"{HILNativeOwnerBootstrap.NativeControlClient.Observation{HILNativeOwnerBootstrap.NativeOwnerBootstrapCodec.Profile, HILNativeOwnerBootstrap.NativeOwnerBootstrapCodec.Lifecycle, HILNativeOwnerBootstrap.NativeOwnerBootstrapCodec.Completion, HILNativeOwnerBootstrap.NativeOwnerBootstrapCodec.Rejection}}, Vararg{Nothing, 5}}}, PipeWireAO.Context{PipeWireAO.ThreadLoop}, PipeWireAO.CoreState{PipeWireAO.ThreadLoop}}}, NamedTuple{(:on_bound, :on_removed, :on_done, :on_error, :on_bound_properties), Tuple{Nothing, HILNativeOwnerBootstrap.NativeControlClient.var"#49#50"{HILNativeOwnerBootstrap.NativeControlClient.Observation{HILNativeOwnerBootstrap.NativeOwnerBootstrapCodec.Profile, HILNativeOwnerBootstrap.NativeOwnerBootstrapCodec.Lifecycle, HILNativeOwnerBootstrap.NativeOwnerBootstrapCodec.Completion, HILNativeOwnerBootstrap.NativeOwnerBootstrapCodec.Rejection}}, Nothing, HILNativeOwnerBootstrap.NativeControlClient.var"#51#52"{HILNativeOwnerBootstrap.NativeControlClient.Observation{HILNativeOwnerBootstrap.NativeOwnerBootstrapCodec.Profile, HILNativeOwnerBootstrap.NativeOwnerBootstrapCodec.Lifecycle, HILNativeOwnerBootstrap.NativeOwnerBootstrapCodec.Completion, HILNativeOwnerBootstrap.NativeOwnerBootstrapCodec.Rejection}}, Nothing}}}, NamedTuple{(:on_info, :on_param), Tuple{HILNativeOwnerBootstrap.NativeControlClient.var"#47#48"{HILNativeOwnerBootstrap.NativeControlClient.Client{HILNativeOwnerBootstrap.NativeControlClient.Observation{HILNativeOwnerBootstrap.NativeOwnerBootstrapCodec.Profile, HILNativeOwnerBootstrap.NativeOwnerBootstrapCodec.Lifecycle, HILNativeOwnerBootstrap.NativeOwnerBootstrapCodec.Completion, HILNativeOwnerBootstrap.NativeOwnerBootstrapCodec.Rejection}}}, HILNativeOwnerBootstrap.NativeControlClient.var"#53#54"{HILNativeOwnerBootstrap.NativeControlClient.Observation{HILNativeOwnerBootstrap.NativeOwnerBootstrapCodec.Profile, HILNativeOwnerBootstrap.NativeOwnerBootstrapCodec.Lifecycle, HILNativeOwnerBootstrap.NativeOwnerBootstrapCodec.Completion, HILNativeOwnerBootstrap.NativeOwnerBootstrapCodec.Rejection}}}}}, Tuple{UInt32}})
precompile(Tuple{typeof(Base.:(<=)), Int64, Int32})
precompile(Tuple{typeof(Core.kwcall), NamedTuple{(:count,), Tuple{UInt32}}, typeof(PipeWireAO.enum_params!), PipeWireAO.Node{PipeWireAO.Proxy{PipeWireAO.Registry{PipeWireAO.CoreConnection{NamedTuple{(:on_info, :on_done, :on_ping, :on_error, :on_remove_id, :on_bound_id, :on_add_memory, :on_remove_memory, :on_bound_properties), Tuple{Nothing, Nothing, Nothing, HILNativeOwnerBootstrap.NativeControlClient.var"#29#30"{HILNativeOwnerBootstrap.NativeControlClient.Observation{HILNativeOwnerBootstrap.NativeOwnerBootstrapCodec.Profile, HILNativeOwnerBootstrap.NativeOwnerBootstrapCodec.Lifecycle, HILNativeOwnerBootstrap.NativeOwnerBootstrapCodec.Completion, HILNativeOwnerBootstrap.NativeOwnerBootstrapCodec.Rejection}}, Vararg{Nothing, 5}}}, PipeWireAO.Context{PipeWireAO.ThreadLoop}, PipeWireAO.CoreState{PipeWireAO.ThreadLoop}}}, NamedTuple{(:on_bound, :on_removed, :on_done, :on_error, :on_bound_properties), Tuple{Nothing, HILNativeOwnerBootstrap.NativeControlClient.var"#49#50"{HILNativeOwnerBootstrap.NativeControlClient.Observation{HILNativeOwnerBootstrap.NativeOwnerBootstrapCodec.Profile, HILNativeOwnerBootstrap.NativeOwnerBootstrapCodec.Lifecycle, HILNativeOwnerBootstrap.NativeOwnerBootstrapCodec.Completion, HILNativeOwnerBootstrap.NativeOwnerBootstrapCodec.Rejection}}, Nothing, HILNativeOwnerBootstrap.NativeControlClient.var"#51#52"{HILNativeOwnerBootstrap.NativeControlClient.Observation{HILNativeOwnerBootstrap.NativeOwnerBootstrapCodec.Profile, HILNativeOwnerBootstrap.NativeOwnerBootstrapCodec.Lifecycle, HILNativeOwnerBootstrap.NativeOwnerBootstrapCodec.Completion, HILNativeOwnerBootstrap.NativeOwnerBootstrapCodec.Rejection}}, Nothing}}}, NamedTuple{(:on_info, :on_param), Tuple{HILNativeOwnerBootstrap.NativeControlClient.var"#47#48"{HILNativeOwnerBootstrap.NativeControlClient.Client{HILNativeOwnerBootstrap.NativeControlClient.Observation{HILNativeOwnerBootstrap.NativeOwnerBootstrapCodec.Profile, HILNativeOwnerBootstrap.NativeOwnerBootstrapCodec.Lifecycle, HILNativeOwnerBootstrap.NativeOwnerBootstrapCodec.Completion, HILNativeOwnerBootstrap.NativeOwnerBootstrapCodec.Rejection}}}, HILNativeOwnerBootstrap.NativeControlClient.var"#53#54"{HILNativeOwnerBootstrap.NativeControlClient.Observation{HILNativeOwnerBootstrap.NativeOwnerBootstrapCodec.Profile, HILNativeOwnerBootstrap.NativeOwnerBootstrapCodec.Lifecycle, HILNativeOwnerBootstrap.NativeOwnerBootstrapCodec.Completion, HILNativeOwnerBootstrap.NativeOwnerBootstrapCodec.Rejection}}}}}, UInt32})
precompile(Tuple{HILNativeOwnerBootstrap.NativeControlClient.var"#53#54"{HILNativeOwnerBootstrap.NativeControlClient.Observation{HILNativeOwnerBootstrap.NativeOwnerBootstrapCodec.Profile, HILNativeOwnerBootstrap.NativeOwnerBootstrapCodec.Lifecycle, HILNativeOwnerBootstrap.NativeOwnerBootstrapCodec.Completion, HILNativeOwnerBootstrap.NativeOwnerBootstrapCodec.Rejection}}, PipeWireAO.Node{PipeWireAO.Proxy{PipeWireAO.Registry{PipeWireAO.CoreConnection{NamedTuple{(:on_info, :on_done, :on_ping, :on_error, :on_remove_id, :on_bound_id, :on_add_memory, :on_remove_memory, :on_bound_properties), Tuple{Nothing, Nothing, Nothing, HILNativeOwnerBootstrap.NativeControlClient.var"#29#30"{HILNativeOwnerBootstrap.NativeControlClient.Observation{HILNativeOwnerBootstrap.NativeOwnerBootstrapCodec.Profile, HILNativeOwnerBootstrap.NativeOwnerBootstrapCodec.Lifecycle, HILNativeOwnerBootstrap.NativeOwnerBootstrapCodec.Completion, HILNativeOwnerBootstrap.NativeOwnerBootstrapCodec.Rejection}}, Vararg{Nothing, 5}}}, PipeWireAO.Context{PipeWireAO.ThreadLoop}, PipeWireAO.CoreState{PipeWireAO.ThreadLoop}}}, NamedTuple{(:on_bound, :on_removed, :on_done, :on_error, :on_bound_properties), Tuple{Nothing, HILNativeOwnerBootstrap.NativeControlClient.var"#49#50"{HILNativeOwnerBootstrap.NativeControlClient.Observation{HILNativeOwnerBootstrap.NativeOwnerBootstrapCodec.Profile, HILNativeOwnerBootstrap.NativeOwnerBootstrapCodec.Lifecycle, HILNativeOwnerBootstrap.NativeOwnerBootstrapCodec.Completion, HILNativeOwnerBootstrap.NativeOwnerBootstrapCodec.Rejection}}, Nothing, HILNativeOwnerBootstrap.NativeControlClient.var"#51#52"{HILNativeOwnerBootstrap.NativeControlClient.Observation{HILNativeOwnerBootstrap.NativeOwnerBootstrapCodec.Profile, HILNativeOwnerBootstrap.NativeOwnerBootstrapCodec.Lifecycle, HILNativeOwnerBootstrap.NativeOwnerBootstrapCodec.Completion, HILNativeOwnerBootstrap.NativeOwnerBootstrapCodec.Rejection}}, Nothing}}}, NamedTuple{(:on_info, :on_param), Tuple{HILNativeOwnerBootstrap.NativeControlClient.var"#47#48"{HILNativeOwnerBootstrap.NativeControlClient.Client{HILNativeOwnerBootstrap.NativeControlClient.Observation{HILNativeOwnerBootstrap.NativeOwnerBootstrapCodec.Profile, HILNativeOwnerBootstrap.NativeOwnerBootstrapCodec.Lifecycle, HILNativeOwnerBootstrap.NativeOwnerBootstrapCodec.Completion, HILNativeOwnerBootstrap.NativeOwnerBootstrapCodec.Rejection}}}, HILNativeOwnerBootstrap.NativeControlClient.var"#53#54"{HILNativeOwnerBootstrap.NativeControlClient.Observation{HILNativeOwnerBootstrap.NativeOwnerBootstrapCodec.Profile, HILNativeOwnerBootstrap.NativeOwnerBootstrapCodec.Lifecycle, HILNativeOwnerBootstrap.NativeOwnerBootstrapCodec.Completion, HILNativeOwnerBootstrap.NativeOwnerBootstrapCodec.Rejection}}}}}, Int32, UInt32, UInt32, UInt32, PipeWireAO.Pod})
precompile(Tuple{typeof(Base.in), String, NTuple{6, String}})
precompile(Tuple{typeof(Core.kwcall), NamedTuple{(:deadline, :check), Tuple{Float64, HILNativeOwnerBootstrap.NativeOwnerBootstrapClient.var"#connect##6#connect##7"}}, typeof(HILNativeOwnerBootstrap.NativeControlClient.request!), HILNativeOwnerBootstrap.NativeControlClient.Client{HILNativeOwnerBootstrap.NativeControlClient.Observation{HILNativeOwnerBootstrap.NativeOwnerBootstrapCodec.Profile, HILNativeOwnerBootstrap.NativeOwnerBootstrapCodec.Lifecycle, HILNativeOwnerBootstrap.NativeOwnerBootstrapCodec.Completion, HILNativeOwnerBootstrap.NativeOwnerBootstrapCodec.Rejection}}, HILNativeOwnerBootstrap.NativeOwnerBootstrapCodec.Command{:status}})
precompile(Tuple{typeof(Base.disable_sigint), PipeWireAO.var"#with_thread_loop_lock##0#with_thread_loop_lock##1"{HILNativeOwnerBootstrap.NativeControlClient.var"#71#72"{Float64, HILNativeOwnerBootstrap.NativeOwnerBootstrapClient.var"#connect##6#connect##7", HILNativeOwnerBootstrap.NativeControlClient.Client{HILNativeOwnerBootstrap.NativeControlClient.Observation{HILNativeOwnerBootstrap.NativeOwnerBootstrapCodec.Profile, HILNativeOwnerBootstrap.NativeOwnerBootstrapCodec.Lifecycle, HILNativeOwnerBootstrap.NativeOwnerBootstrapCodec.Completion, HILNativeOwnerBootstrap.NativeOwnerBootstrapCodec.Rejection}}, PipeWireAO.Pod}, PipeWireAO.ThreadLoop}})
precompile(Tuple{typeof(Base.setproperty!), HILNativeOwnerBootstrap.NativeControlClient.Observation{HILNativeOwnerBootstrap.NativeOwnerBootstrapCodec.Profile, HILNativeOwnerBootstrap.NativeOwnerBootstrapCodec.Lifecycle, HILNativeOwnerBootstrap.NativeOwnerBootstrapCodec.Completion, HILNativeOwnerBootstrap.NativeOwnerBootstrapCodec.Rejection}, Symbol, HILNativeOwnerBootstrap.NativeControlCodec.RequestHeader})
precompile(Tuple{typeof(Base.setproperty!), HILNativeOwnerBootstrap.NativeControlClient.Client{HILNativeOwnerBootstrap.NativeControlClient.Observation{HILNativeOwnerBootstrap.NativeOwnerBootstrapCodec.Profile, HILNativeOwnerBootstrap.NativeOwnerBootstrapCodec.Lifecycle, HILNativeOwnerBootstrap.NativeOwnerBootstrapCodec.Completion, HILNativeOwnerBootstrap.NativeOwnerBootstrapCodec.Rejection}}, Symbol, Int64})
precompile(Tuple{typeof(PipeWireAO.set_param!), PipeWireAO.Node{PipeWireAO.Proxy{PipeWireAO.Registry{PipeWireAO.CoreConnection{NamedTuple{(:on_info, :on_done, :on_ping, :on_error, :on_remove_id, :on_bound_id, :on_add_memory, :on_remove_memory, :on_bound_properties), Tuple{Nothing, Nothing, Nothing, HILNativeOwnerBootstrap.NativeControlClient.var"#29#30"{HILNativeOwnerBootstrap.NativeControlClient.Observation{HILNativeOwnerBootstrap.NativeOwnerBootstrapCodec.Profile, HILNativeOwnerBootstrap.NativeOwnerBootstrapCodec.Lifecycle, HILNativeOwnerBootstrap.NativeOwnerBootstrapCodec.Completion, HILNativeOwnerBootstrap.NativeOwnerBootstrapCodec.Rejection}}, Vararg{Nothing, 5}}}, PipeWireAO.Context{PipeWireAO.ThreadLoop}, PipeWireAO.CoreState{PipeWireAO.ThreadLoop}}}, NamedTuple{(:on_bound, :on_removed, :on_done, :on_error, :on_bound_properties), Tuple{Nothing, HILNativeOwnerBootstrap.NativeControlClient.var"#49#50"{HILNativeOwnerBootstrap.NativeControlClient.Observation{HILNativeOwnerBootstrap.NativeOwnerBootstrapCodec.Profile, HILNativeOwnerBootstrap.NativeOwnerBootstrapCodec.Lifecycle, HILNativeOwnerBootstrap.NativeOwnerBootstrapCodec.Completion, HILNativeOwnerBootstrap.NativeOwnerBootstrapCodec.Rejection}}, Nothing, HILNativeOwnerBootstrap.NativeControlClient.var"#51#52"{HILNativeOwnerBootstrap.NativeControlClient.Observation{HILNativeOwnerBootstrap.NativeOwnerBootstrapCodec.Profile, HILNativeOwnerBootstrap.NativeOwnerBootstrapCodec.Lifecycle, HILNativeOwnerBootstrap.NativeOwnerBootstrapCodec.Completion, HILNativeOwnerBootstrap.NativeOwnerBootstrapCodec.Rejection}}, Nothing}}}, NamedTuple{(:on_info, :on_param), Tuple{HILNativeOwnerBootstrap.NativeControlClient.var"#47#48"{HILNativeOwnerBootstrap.NativeControlClient.Client{HILNativeOwnerBootstrap.NativeControlClient.Observation{HILNativeOwnerBootstrap.NativeOwnerBootstrapCodec.Profile, HILNativeOwnerBootstrap.NativeOwnerBootstrapCodec.Lifecycle, HILNativeOwnerBootstrap.NativeOwnerBootstrapCodec.Completion, HILNativeOwnerBootstrap.NativeOwnerBootstrapCodec.Rejection}}}, HILNativeOwnerBootstrap.NativeControlClient.var"#53#54"{HILNativeOwnerBootstrap.NativeControlClient.Observation{HILNativeOwnerBootstrap.NativeOwnerBootstrapCodec.Profile, HILNativeOwnerBootstrap.NativeOwnerBootstrapCodec.Lifecycle, HILNativeOwnerBootstrap.NativeOwnerBootstrapCodec.Completion, HILNativeOwnerBootstrap.NativeOwnerBootstrapCodec.Rejection}}}}}, UInt32, PipeWireAO.Pod})
precompile(Tuple{Type{HILNativeOwnerBootstrap.NativeControlEndpoint.Ticket{Union{HILNativeOwnerBootstrap.NativeOwnerBootstrapCodec.Command{:status}, HILNativeOwnerBootstrap.NativeOwnerBootstrapCodec.Command{:connect}, HILNativeOwnerBootstrap.NativeOwnerBootstrapCodec.Command{:quit}}}}, HILNativeOwnerBootstrap.NativeControlCodec.RequestHeader, HILNativeOwnerBootstrap.NativeOwnerBootstrapCodec.Command{:status}, Array{UInt8, 1}, Float64})
precompile(Tuple{typeof(HILNativeOwnerBootstrap.NativeOwnerBootstrapRuntime.prepared!), HILNativeOwnerBootstrap.NativeOwnerBootstrapRuntime.Runtime{HILNativeOwnerBootstrap.NativeOwnerBootstrapRuntime.Transport{HILNativeOwnerBootstrap.NativeOwnerBootstrapCodec.Profile, PipeWireAO.CoreConnection{NamedTuple{(:on_info, :on_done, :on_ping, :on_error, :on_remove_id, :on_bound_id, :on_add_memory, :on_remove_memory, :on_bound_properties), Tuple{Nothing, HILNativeOwnerBootstrap.NativeOwnerBootstrapRuntime.var"#Transport##2#Transport##3"{Base.RefValue{Int32}}, Nothing, HILNativeOwnerBootstrap.NativeOwnerBootstrapRuntime.var"#Transport##4#Transport##5"{Base.RefValue{Union{Nothing, String}}, Base.Threads.Atomic{Bool}, Base.RefValue{Union{Nothing, HILNativeOwnerBootstrap.NativeControlEndpoint.Endpoint{P, C, L, F} where F where L where C where P<:HILNativeOwnerBootstrap.NativeControlClient.Profile}}}, Vararg{Nothing, 5}}}, PipeWireAO.Context{PipeWireAO.ThreadLoop}, PipeWireAO.CoreState{PipeWireAO.ThreadLoop}}, HILNativeOwnerBootstrap.NativeControlEndpoint.Endpoint{HILNativeOwnerBootstrap.NativeOwnerBootstrapCodec.Profile, Union{HILNativeOwnerBootstrap.NativeOwnerBootstrapCodec.Command{:status}, HILNativeOwnerBootstrap.NativeOwnerBootstrapCodec.Command{:connect}, HILNativeOwnerBootstrap.NativeOwnerBootstrapCodec.Command{:quit}}, HILNativeOwnerBootstrap.NativeOwnerBootstrapCodec.Lifecycle, HILNativeOwnerBootstrap.NativeOwnerBootstrapRuntime.var"#Transport##6#Transport##7"{Base.Threads.Atomic{Bool}}}, PipeWireAO.ManagedListener{PipeWireAO.Registry{PipeWireAO.CoreConnection{NamedTuple{(:on_info, :on_done, :on_ping, :on_error, :on_remove_id, :on_bound_id, :on_add_memory, :on_remove_memory, :on_bound_properties), Tuple{Nothing, HILNativeOwnerBootstrap.NativeOwnerBootstrapRuntime.var"#Transport##2#Transport##3"{Base.RefValue{Int32}}, Nothing, HILNativeOwnerBootstrap.NativeOwnerBootstrapRuntime.var"#Transport##4#Transport##5"{Base.RefValue{Union{Nothing, String}}, Base.Threads.Atomic{Bool}, Base.RefValue{Union{Nothing, HILNativeOwnerBootstrap.NativeControlEndpoint.Endpoint{P, C, L, F} where F where L where C where P<:HILNativeOwnerBootstrap.NativeControlClient.Profile}}}, Vararg{Nothing, 5}}}, PipeWireAO.Context{PipeWireAO.ThreadLoop}, PipeWireAO.CoreState{PipeWireAO.ThreadLoop}}}, PipeWireAO.LibPipeWire.pw_registry_events, NamedTuple{(:on_global_added, :on_global_removed), Tuple{HILNativeOwnerBootstrap.NativeOwnerBootstrapRuntime.var"#Transport##8#Transport##9"{Base.Threads.Atomic{Bool}}, HILNativeOwnerBootstrap.NativeOwnerBootstrapRuntime.var"#Transport##10#Transport##11"{Base.Threads.Atomic{Bool}}}}}}}})
precompile(Tuple{Main.var"#measured##2#measured##3"{StableTasks.AtomicRef{Any}, Main.var"#measured##0#measured##1"}})
precompile(Tuple{typeof(HILNativeOwnerBootstrap.NativeOwnerBootstrapRuntime.take_connect!), HILNativeOwnerBootstrap.NativeOwnerBootstrapRuntime.Runtime{HILNativeOwnerBootstrap.NativeOwnerBootstrapRuntime.Transport{HILNativeOwnerBootstrap.NativeOwnerBootstrapCodec.Profile, PipeWireAO.CoreConnection{NamedTuple{(:on_info, :on_done, :on_ping, :on_error, :on_remove_id, :on_bound_id, :on_add_memory, :on_remove_memory, :on_bound_properties), Tuple{Nothing, HILNativeOwnerBootstrap.NativeOwnerBootstrapRuntime.var"#Transport##2#Transport##3"{Base.RefValue{Int32}}, Nothing, HILNativeOwnerBootstrap.NativeOwnerBootstrapRuntime.var"#Transport##4#Transport##5"{Base.RefValue{Union{Nothing, String}}, Base.Threads.Atomic{Bool}, Base.RefValue{Union{Nothing, HILNativeOwnerBootstrap.NativeControlEndpoint.Endpoint{P, C, L, F} where F where L where C where P<:HILNativeOwnerBootstrap.NativeControlClient.Profile}}}, Vararg{Nothing, 5}}}, PipeWireAO.Context{PipeWireAO.ThreadLoop}, PipeWireAO.CoreState{PipeWireAO.ThreadLoop}}, HILNativeOwnerBootstrap.NativeControlEndpoint.Endpoint{HILNativeOwnerBootstrap.NativeOwnerBootstrapCodec.Profile, Union{HILNativeOwnerBootstrap.NativeOwnerBootstrapCodec.Command{:status}, HILNativeOwnerBootstrap.NativeOwnerBootstrapCodec.Command{:connect}, HILNativeOwnerBootstrap.NativeOwnerBootstrapCodec.Command{:quit}}, HILNativeOwnerBootstrap.NativeOwnerBootstrapCodec.Lifecycle, HILNativeOwnerBootstrap.NativeOwnerBootstrapRuntime.var"#Transport##6#Transport##7"{Base.Threads.Atomic{Bool}}}, PipeWireAO.ManagedListener{PipeWireAO.Registry{PipeWireAO.CoreConnection{NamedTuple{(:on_info, :on_done, :on_ping, :on_error, :on_remove_id, :on_bound_id, :on_add_memory, :on_remove_memory, :on_bound_properties), Tuple{Nothing, HILNativeOwnerBootstrap.NativeOwnerBootstrapRuntime.var"#Transport##2#Transport##3"{Base.RefValue{Int32}}, Nothing, HILNativeOwnerBootstrap.NativeOwnerBootstrapRuntime.var"#Transport##4#Transport##5"{Base.RefValue{Union{Nothing, String}}, Base.Threads.Atomic{Bool}, Base.RefValue{Union{Nothing, HILNativeOwnerBootstrap.NativeControlEndpoint.Endpoint{P, C, L, F} where F where L where C where P<:HILNativeOwnerBootstrap.NativeControlClient.Profile}}}, Vararg{Nothing, 5}}}, PipeWireAO.Context{PipeWireAO.ThreadLoop}, PipeWireAO.CoreState{PipeWireAO.ThreadLoop}}}, PipeWireAO.LibPipeWire.pw_registry_events, NamedTuple{(:on_global_added, :on_global_removed), Tuple{HILNativeOwnerBootstrap.NativeOwnerBootstrapRuntime.var"#Transport##8#Transport##9"{Base.Threads.Atomic{Bool}}, HILNativeOwnerBootstrap.NativeOwnerBootstrapRuntime.var"#Transport##10#Transport##11"{Base.Threads.Atomic{Bool}}}}}}}})
precompile(Tuple{typeof(Core.kwcall), NamedTuple{(:deadline,), Tuple{Float64}}, typeof(HILNativeOwnerBootstrap.NativeOwnerBootstrapClient.connect_owner!), HILNativeOwnerBootstrap.NativeOwnerBootstrapClient.Connection{HILNativeOwnerBootstrap.NativeControlClient.Client{HILNativeOwnerBootstrap.NativeControlClient.Observation{HILNativeOwnerBootstrap.NativeOwnerBootstrapCodec.Profile, HILNativeOwnerBootstrap.NativeOwnerBootstrapCodec.Lifecycle, HILNativeOwnerBootstrap.NativeOwnerBootstrapCodec.Completion, HILNativeOwnerBootstrap.NativeOwnerBootstrapCodec.Rejection}}}})
precompile(Tuple{typeof(Core.kwcall), NamedTuple{(:deadline, :check), Tuple{Float64, HILNativeOwnerBootstrap.NativeOwnerBootstrapClient.var"#connect_owner!##2#connect_owner!##3"}}, typeof(HILNativeOwnerBootstrap.NativeControlClient.request!), HILNativeOwnerBootstrap.NativeControlClient.Client{HILNativeOwnerBootstrap.NativeControlClient.Observation{HILNativeOwnerBootstrap.NativeOwnerBootstrapCodec.Profile, HILNativeOwnerBootstrap.NativeOwnerBootstrapCodec.Lifecycle, HILNativeOwnerBootstrap.NativeOwnerBootstrapCodec.Completion, HILNativeOwnerBootstrap.NativeOwnerBootstrapCodec.Rejection}}, HILNativeOwnerBootstrap.NativeOwnerBootstrapCodec.Command{:status}})
precompile(Tuple{typeof(HILNativeOwnerBootstrap.NativeControlClient.deadline_check), Float64, HILNativeOwnerBootstrap.NativeOwnerBootstrapClient.var"#connect_owner!##2#connect_owner!##3"})
precompile(Tuple{typeof(Base.disable_sigint), PipeWireAO.var"#with_thread_loop_lock##0#with_thread_loop_lock##1"{HILNativeOwnerBootstrap.NativeControlClient.var"#71#72"{Float64, HILNativeOwnerBootstrap.NativeOwnerBootstrapClient.var"#connect_owner!##2#connect_owner!##3", HILNativeOwnerBootstrap.NativeControlClient.Client{HILNativeOwnerBootstrap.NativeControlClient.Observation{HILNativeOwnerBootstrap.NativeOwnerBootstrapCodec.Profile, HILNativeOwnerBootstrap.NativeOwnerBootstrapCodec.Lifecycle, HILNativeOwnerBootstrap.NativeOwnerBootstrapCodec.Completion, HILNativeOwnerBootstrap.NativeOwnerBootstrapCodec.Rejection}}, PipeWireAO.Pod}, PipeWireAO.ThreadLoop}})
precompile(Tuple{typeof(Base.getproperty), HILNativeOwnerBootstrap.NativeOwnerBootstrapCodec.Completion, Symbol})
precompile(Tuple{typeof(Core.kwcall), NamedTuple{(:deadline, :check), Tuple{Float64, HILNativeOwnerBootstrap.NativeOwnerBootstrapClient.var"#connect_owner!##2#connect_owner!##3"}}, typeof(HILNativeOwnerBootstrap.NativeControlClient.request!), HILNativeOwnerBootstrap.NativeControlClient.Client{HILNativeOwnerBootstrap.NativeControlClient.Observation{HILNativeOwnerBootstrap.NativeOwnerBootstrapCodec.Profile, HILNativeOwnerBootstrap.NativeOwnerBootstrapCodec.Lifecycle, HILNativeOwnerBootstrap.NativeOwnerBootstrapCodec.Completion, HILNativeOwnerBootstrap.NativeOwnerBootstrapCodec.Rejection}}, HILNativeOwnerBootstrap.NativeOwnerBootstrapCodec.Command{:connect}})
precompile(Tuple{Type{HILNativeOwnerBootstrap.NativeControlEndpoint.Ticket{Union{HILNativeOwnerBootstrap.NativeOwnerBootstrapCodec.Command{:status}, HILNativeOwnerBootstrap.NativeOwnerBootstrapCodec.Command{:connect}, HILNativeOwnerBootstrap.NativeOwnerBootstrapCodec.Command{:quit}}}}, HILNativeOwnerBootstrap.NativeControlCodec.RequestHeader, HILNativeOwnerBootstrap.NativeOwnerBootstrapCodec.Command{:connect}, Array{UInt8, 1}, Float64})
precompile(Tuple{typeof(Base.disable_sigint), PipeWireAO.var"#with_thread_loop_lock##0#with_thread_loop_lock##1"{HILNativeOwnerBootstrap.NativeControlEndpoint.var"#check_ticket##0#check_ticket##1"{HILNativeOwnerBootstrap.NativeControlEndpoint.Endpoint{HILNativeOwnerBootstrap.NativeOwnerBootstrapCodec.Profile, Union{HILNativeOwnerBootstrap.NativeOwnerBootstrapCodec.Command{:status}, HILNativeOwnerBootstrap.NativeOwnerBootstrapCodec.Command{:connect}, HILNativeOwnerBootstrap.NativeOwnerBootstrapCodec.Command{:quit}}, HILNativeOwnerBootstrap.NativeOwnerBootstrapCodec.Lifecycle, HILNativeOwnerBootstrap.NativeOwnerBootstrapRuntime.var"#Transport##6#Transport##7"{Base.Threads.Atomic{Bool}}}, HILNativeOwnerBootstrap.NativeControlEndpoint.Ticket{Union{HILNativeOwnerBootstrap.NativeOwnerBootstrapCodec.Command{:status}, HILNativeOwnerBootstrap.NativeOwnerBootstrapCodec.Command{:connect}, HILNativeOwnerBootstrap.NativeOwnerBootstrapCodec.Command{:quit}}}}, PipeWireAO.ThreadLoop}})
precompile(Tuple{typeof(HILNativeOwnerBootstrap.NativeOwnerBootstrapRuntime.connected!), HILNativeOwnerBootstrap.NativeOwnerBootstrapRuntime.Runtime{HILNativeOwnerBootstrap.NativeOwnerBootstrapRuntime.Transport{HILNativeOwnerBootstrap.NativeOwnerBootstrapCodec.Profile, PipeWireAO.CoreConnection{NamedTuple{(:on_info, :on_done, :on_ping, :on_error, :on_remove_id, :on_bound_id, :on_add_memory, :on_remove_memory, :on_bound_properties), Tuple{Nothing, HILNativeOwnerBootstrap.NativeOwnerBootstrapRuntime.var"#Transport##2#Transport##3"{Base.RefValue{Int32}}, Nothing, HILNativeOwnerBootstrap.NativeOwnerBootstrapRuntime.var"#Transport##4#Transport##5"{Base.RefValue{Union{Nothing, String}}, Base.Threads.Atomic{Bool}, Base.RefValue{Union{Nothing, HILNativeOwnerBootstrap.NativeControlEndpoint.Endpoint{P, C, L, F} where F where L where C where P<:HILNativeOwnerBootstrap.NativeControlClient.Profile}}}, Vararg{Nothing, 5}}}, PipeWireAO.Context{PipeWireAO.ThreadLoop}, PipeWireAO.CoreState{PipeWireAO.ThreadLoop}}, HILNativeOwnerBootstrap.NativeControlEndpoint.Endpoint{HILNativeOwnerBootstrap.NativeOwnerBootstrapCodec.Profile, Union{HILNativeOwnerBootstrap.NativeOwnerBootstrapCodec.Command{:status}, HILNativeOwnerBootstrap.NativeOwnerBootstrapCodec.Command{:connect}, HILNativeOwnerBootstrap.NativeOwnerBootstrapCodec.Command{:quit}}, HILNativeOwnerBootstrap.NativeOwnerBootstrapCodec.Lifecycle, HILNativeOwnerBootstrap.NativeOwnerBootstrapRuntime.var"#Transport##6#Transport##7"{Base.Threads.Atomic{Bool}}}, PipeWireAO.ManagedListener{PipeWireAO.Registry{PipeWireAO.CoreConnection{NamedTuple{(:on_info, :on_done, :on_ping, :on_error, :on_remove_id, :on_bound_id, :on_add_memory, :on_remove_memory, :on_bound_properties), Tuple{Nothing, HILNativeOwnerBootstrap.NativeOwnerBootstrapRuntime.var"#Transport##2#Transport##3"{Base.RefValue{Int32}}, Nothing, HILNativeOwnerBootstrap.NativeOwnerBootstrapRuntime.var"#Transport##4#Transport##5"{Base.RefValue{Union{Nothing, String}}, Base.Threads.Atomic{Bool}, Base.RefValue{Union{Nothing, HILNativeOwnerBootstrap.NativeControlEndpoint.Endpoint{P, C, L, F} where F where L where C where P<:HILNativeOwnerBootstrap.NativeControlClient.Profile}}}, Vararg{Nothing, 5}}}, PipeWireAO.Context{PipeWireAO.ThreadLoop}, PipeWireAO.CoreState{PipeWireAO.ThreadLoop}}}, PipeWireAO.LibPipeWire.pw_registry_events, NamedTuple{(:on_global_added, :on_global_removed), Tuple{HILNativeOwnerBootstrap.NativeOwnerBootstrapRuntime.var"#Transport##8#Transport##9"{Base.Threads.Atomic{Bool}}, HILNativeOwnerBootstrap.NativeOwnerBootstrapRuntime.var"#Transport##10#Transport##11"{Base.Threads.Atomic{Bool}}}}}}}, HILNativeOwnerBootstrap.NativeControlEndpoint.Ticket{Union{HILNativeOwnerBootstrap.NativeOwnerBootstrapCodec.Command{:status}, HILNativeOwnerBootstrap.NativeOwnerBootstrapCodec.Command{:connect}, HILNativeOwnerBootstrap.NativeOwnerBootstrapCodec.Command{:quit}}}})
precompile(Tuple{typeof(Base.getproperty), HILNativeOwnerBootstrap.NativeControlEndpoint.Ticket{Union{HILNativeOwnerBootstrap.NativeOwnerBootstrapCodec.Command{:status}, HILNativeOwnerBootstrap.NativeOwnerBootstrapCodec.Command{:connect}, HILNativeOwnerBootstrap.NativeOwnerBootstrapCodec.Command{:quit}}}, Symbol})
precompile(Tuple{typeof(HILNativeOwnerBootstrap.NativeOwnerBootstrapRuntime.await_connected!), HILNativeOwnerBootstrap.NativeOwnerBootstrapRuntime.Runtime{HILNativeOwnerBootstrap.NativeOwnerBootstrapRuntime.Transport{HILNativeOwnerBootstrap.NativeOwnerBootstrapCodec.Profile, PipeWireAO.CoreConnection{NamedTuple{(:on_info, :on_done, :on_ping, :on_error, :on_remove_id, :on_bound_id, :on_add_memory, :on_remove_memory, :on_bound_properties), Tuple{Nothing, HILNativeOwnerBootstrap.NativeOwnerBootstrapRuntime.var"#Transport##2#Transport##3"{Base.RefValue{Int32}}, Nothing, HILNativeOwnerBootstrap.NativeOwnerBootstrapRuntime.var"#Transport##4#Transport##5"{Base.RefValue{Union{Nothing, String}}, Base.Threads.Atomic{Bool}, Base.RefValue{Union{Nothing, HILNativeOwnerBootstrap.NativeControlEndpoint.Endpoint{P, C, L, F} where F where L where C where P<:HILNativeOwnerBootstrap.NativeControlClient.Profile}}}, Vararg{Nothing, 5}}}, PipeWireAO.Context{PipeWireAO.ThreadLoop}, PipeWireAO.CoreState{PipeWireAO.ThreadLoop}}, HILNativeOwnerBootstrap.NativeControlEndpoint.Endpoint{HILNativeOwnerBootstrap.NativeOwnerBootstrapCodec.Profile, Union{HILNativeOwnerBootstrap.NativeOwnerBootstrapCodec.Command{:status}, HILNativeOwnerBootstrap.NativeOwnerBootstrapCodec.Command{:connect}, HILNativeOwnerBootstrap.NativeOwnerBootstrapCodec.Command{:quit}}, HILNativeOwnerBootstrap.NativeOwnerBootstrapCodec.Lifecycle, HILNativeOwnerBootstrap.NativeOwnerBootstrapRuntime.var"#Transport##6#Transport##7"{Base.Threads.Atomic{Bool}}}, PipeWireAO.ManagedListener{PipeWireAO.Registry{PipeWireAO.CoreConnection{NamedTuple{(:on_info, :on_done, :on_ping, :on_error, :on_remove_id, :on_bound_id, :on_add_memory, :on_remove_memory, :on_bound_properties), Tuple{Nothing, HILNativeOwnerBootstrap.NativeOwnerBootstrapRuntime.var"#Transport##2#Transport##3"{Base.RefValue{Int32}}, Nothing, HILNativeOwnerBootstrap.NativeOwnerBootstrapRuntime.var"#Transport##4#Transport##5"{Base.RefValue{Union{Nothing, String}}, Base.Threads.Atomic{Bool}, Base.RefValue{Union{Nothing, HILNativeOwnerBootstrap.NativeControlEndpoint.Endpoint{P, C, L, F} where F where L where C where P<:HILNativeOwnerBootstrap.NativeControlClient.Profile}}}, Vararg{Nothing, 5}}}, PipeWireAO.Context{PipeWireAO.ThreadLoop}, PipeWireAO.CoreState{PipeWireAO.ThreadLoop}}}, PipeWireAO.LibPipeWire.pw_registry_events, NamedTuple{(:on_global_added, :on_global_removed), Tuple{HILNativeOwnerBootstrap.NativeOwnerBootstrapRuntime.var"#Transport##8#Transport##9"{Base.Threads.Atomic{Bool}}, HILNativeOwnerBootstrap.NativeOwnerBootstrapRuntime.var"#Transport##10#Transport##11"{Base.Threads.Atomic{Bool}}}}}}}, HILNativeOwnerBootstrap.NativeControlEndpoint.Ticket{Union{HILNativeOwnerBootstrap.NativeOwnerBootstrapCodec.Command{:status}, HILNativeOwnerBootstrap.NativeOwnerBootstrapCodec.Command{:connect}, HILNativeOwnerBootstrap.NativeOwnerBootstrapCodec.Command{:quit}}}})
precompile(Tuple{typeof(HILNativeOwnerBootstrap.NativeOwnerBootstrapRuntime._advance!), HILNativeOwnerBootstrap.NativeOwnerBootstrapRuntime.Runtime{HILNativeOwnerBootstrap.NativeOwnerBootstrapRuntime.Transport{HILNativeOwnerBootstrap.NativeOwnerBootstrapCodec.Profile, PipeWireAO.CoreConnection{NamedTuple{(:on_info, :on_done, :on_ping, :on_error, :on_remove_id, :on_bound_id, :on_add_memory, :on_remove_memory, :on_bound_properties), Tuple{Nothing, HILNativeOwnerBootstrap.NativeOwnerBootstrapRuntime.var"#Transport##2#Transport##3"{Base.RefValue{Int32}}, Nothing, HILNativeOwnerBootstrap.NativeOwnerBootstrapRuntime.var"#Transport##4#Transport##5"{Base.RefValue{Union{Nothing, String}}, Base.Threads.Atomic{Bool}, Base.RefValue{Union{Nothing, HILNativeOwnerBootstrap.NativeControlEndpoint.Endpoint{P, C, L, F} where F where L where C where P<:HILNativeOwnerBootstrap.NativeControlClient.Profile}}}, Vararg{Nothing, 5}}}, PipeWireAO.Context{PipeWireAO.ThreadLoop}, PipeWireAO.CoreState{PipeWireAO.ThreadLoop}}, HILNativeOwnerBootstrap.NativeControlEndpoint.Endpoint{HILNativeOwnerBootstrap.NativeOwnerBootstrapCodec.Profile, Union{HILNativeOwnerBootstrap.NativeOwnerBootstrapCodec.Command{:status}, HILNativeOwnerBootstrap.NativeOwnerBootstrapCodec.Command{:connect}, HILNativeOwnerBootstrap.NativeOwnerBootstrapCodec.Command{:quit}}, HILNativeOwnerBootstrap.NativeOwnerBootstrapCodec.Lifecycle, HILNativeOwnerBootstrap.NativeOwnerBootstrapRuntime.var"#Transport##6#Transport##7"{Base.Threads.Atomic{Bool}}}, PipeWireAO.ManagedListener{PipeWireAO.Registry{PipeWireAO.CoreConnection{NamedTuple{(:on_info, :on_done, :on_ping, :on_error, :on_remove_id, :on_bound_id, :on_add_memory, :on_remove_memory, :on_bound_properties), Tuple{Nothing, HILNativeOwnerBootstrap.NativeOwnerBootstrapRuntime.var"#Transport##2#Transport##3"{Base.RefValue{Int32}}, Nothing, HILNativeOwnerBootstrap.NativeOwnerBootstrapRuntime.var"#Transport##4#Transport##5"{Base.RefValue{Union{Nothing, String}}, Base.Threads.Atomic{Bool}, Base.RefValue{Union{Nothing, HILNativeOwnerBootstrap.NativeControlEndpoint.Endpoint{P, C, L, F} where F where L where C where P<:HILNativeOwnerBootstrap.NativeControlClient.Profile}}}, Vararg{Nothing, 5}}}, PipeWireAO.Context{PipeWireAO.ThreadLoop}, PipeWireAO.CoreState{PipeWireAO.ThreadLoop}}}, PipeWireAO.LibPipeWire.pw_registry_events, NamedTuple{(:on_global_added, :on_global_removed), Tuple{HILNativeOwnerBootstrap.NativeOwnerBootstrapRuntime.var"#Transport##8#Transport##9"{Base.Threads.Atomic{Bool}}, HILNativeOwnerBootstrap.NativeOwnerBootstrapRuntime.var"#Transport##10#Transport##11"{Base.Threads.Atomic{Bool}}}}}}}, HILNativeOwnerBootstrap.NativeControlEndpoint.Ticket{Union{HILNativeOwnerBootstrap.NativeOwnerBootstrapCodec.Command{:status}, HILNativeOwnerBootstrap.NativeOwnerBootstrapCodec.Command{:connect}, HILNativeOwnerBootstrap.NativeOwnerBootstrapCodec.Command{:quit}}}, HILNativeOwnerBootstrap.NativeOwnerBootstrapCodec.Command{:connect}, HILNativeOwnerBootstrap.NativeOwnerBootstrapRuntime.Facts, HILNativeOwnerBootstrap.NativeOwnerBootstrapCodec.Lifecycle})
precompile(Tuple{typeof(Base.println), Base.IOContext{Base.IOStream}, String, String})
precompile(Tuple{typeof(Base.flush), Base.IOContext{Base.IOStream}})
PHASE_BEGIN quiet_before
PHASE_END quiet_before
precompile(Tuple{typeof(Base.arg_gen), Int32})
precompile(Tuple{typeof(Base.readline), Base.Process})
precompile(Tuple{typeof(Core.kwcall), NamedTuple{(:keep,), Tuple{Bool}}, typeof(Base.copyuntil), Base.GenericIOBuffer{Memory{UInt8}}, Base.PipeEndpoint, UInt8})
PHASE_BEGIN first_late_attach
precompile(Tuple{typeof(Main.round), Base.Process, String, String})
precompile(Tuple{typeof(Base.flush), Base.PipeEndpoint})
PHASE_END first_late_attach
PHASE_BEGIN retained_late_status
PHASE_END retained_late_status
PHASE_BEGIN late_remove
PHASE_END late_remove
PHASE_BEGIN quiet_after
precompile(Tuple{typeof(Base.close), PipeWireAO.Node{PipeWireAO.Proxy{PipeWireAO.Registry{PipeWireAO.CoreConnection{NamedTuple{(:on_info, :on_done, :on_ping, :on_error, :on_remove_id, :on_bound_id, :on_add_memory, :on_remove_memory, :on_bound_properties), Tuple{Nothing, HILNativeOwnerBootstrap.NativeOwnerBootstrapRuntime.var"#Transport##2#Transport##3"{Base.RefValue{Int32}}, Nothing, HILNativeOwnerBootstrap.NativeOwnerBootstrapRuntime.var"#Transport##4#Transport##5"{Base.RefValue{Union{Nothing, String}}, Base.Threads.Atomic{Bool}, Base.RefValue{Union{Nothing, HILNativeOwnerBootstrap.NativeControlEndpoint.Endpoint{P, C, L, F} where F where L where C where P<:HILNativeOwnerBootstrap.NativeControlClient.Profile}}}, Vararg{Nothing, 5}}}, PipeWireAO.Context{PipeWireAO.ThreadLoop}, PipeWireAO.CoreState{PipeWireAO.ThreadLoop}}}, NamedTuple{(:on_bound, :on_removed, :on_done, :on_error, :on_bound_properties), Tuple{Nothing, HILNativeOwnerBootstrap.NativeControlEndpoint.var"#refresh_controllers!##10#refresh_controllers!##11"{HILNativeOwnerBootstrap.NativeControlEndpoint.Endpoint{HILNativeOwnerBootstrap.NativeOwnerBootstrapCodec.Profile, Union{HILNativeOwnerBootstrap.NativeOwnerBootstrapCodec.Command{:status}, HILNativeOwnerBootstrap.NativeOwnerBootstrapCodec.Command{:connect}, HILNativeOwnerBootstrap.NativeOwnerBootstrapCodec.Command{:quit}}, HILNativeOwnerBootstrap.NativeOwnerBootstrapCodec.Lifecycle, HILNativeOwnerBootstrap.NativeOwnerBootstrapRuntime.var"#Transport##6#Transport##7"{Base.Threads.Atomic{Bool}}}, HILNativeOwnerBootstrap.NativeControlEndpoint.Controller}, Nothing, HILNativeOwnerBootstrap.NativeControlEndpoint.var"#refresh_controllers!##12#refresh_controllers!##13"{HILNativeOwnerBootstrap.NativeControlEndpoint.Endpoint{HILNativeOwnerBootstrap.NativeOwnerBootstrapCodec.Profile, Union{HILNativeOwnerBootstrap.NativeOwnerBootstrapCodec.Command{:status}, HILNativeOwnerBootstrap.NativeOwnerBootstrapCodec.Command{:connect}, HILNativeOwnerBootstrap.NativeOwnerBootstrapCodec.Command{:quit}}, HILNativeOwnerBootstrap.NativeOwnerBootstrapCodec.Lifecycle, HILNativeOwnerBootstrap.NativeOwnerBootstrapRuntime.var"#Transport##6#Transport##7"{Base.Threads.Atomic{Bool}}}, HILNativeOwnerBootstrap.NativeControlEndpoint.Controller}, Nothing}}}, NamedTuple{(:on_info, :on_param), Tuple{HILNativeOwnerBootstrap.NativeControlEndpoint.var"#refresh_controllers!##8#refresh_controllers!##9"{HILNativeOwnerBootstrap.NativeControlEndpoint.Endpoint{HILNativeOwnerBootstrap.NativeOwnerBootstrapCodec.Profile, Union{HILNativeOwnerBootstrap.NativeOwnerBootstrapCodec.Command{:status}, HILNativeOwnerBootstrap.NativeOwnerBootstrapCodec.Command{:connect}, HILNativeOwnerBootstrap.NativeOwnerBootstrapCodec.Command{:quit}}, HILNativeOwnerBootstrap.NativeOwnerBootstrapCodec.Lifecycle, HILNativeOwnerBootstrap.NativeOwnerBootstrapRuntime.var"#Transport##6#Transport##7"{Base.Threads.Atomic{Bool}}}, HILNativeOwnerBootstrap.NativeControlEndpoint.Controller}, Nothing}}}})
precompile(Tuple{typeof(Base.:(var"==")), Ptr{PipeWireAO.LibPipeWire.pw_proxy}, Ptr{Nothing}})
precompile(Tuple{typeof(PipeWireAO.LibPipeWire.pw_proxy_destroy), Ptr{PipeWireAO.LibPipeWire.pw_proxy}})
PHASE_END quiet_after
precompile(Tuple{typeof(Base.println), Base.IOContext{Base.IOStream}, String, Int32, String, Int32})
OWNER_PID 3907054 CORE_PID 3907088
precompile(Tuple{typeof(Base.show_at_namedtuple), Base.GenericIOBuffer{Memory{UInt8}}, NTuple{9, Symbol}, typeof(DataType)})
precompile(Tuple{typeof(Base.show_at_namedtuple), Base.GenericIOBuffer{Memory{UInt8}}, Tuple{Symbol, Symbol}, typeof(DataType)})
precompile(Tuple{typeof(Base.empty), Base.Dict{String, Int32}, Type{String}, Type{Any}})
precompile(Tuple{typeof(Base.merge!), Base.Dict{String, Any}, Base.Dict{String, Int32}})
precompile(Tuple{typeof(Base.grow_to!), Base.Dict{String, Any}, Tuple{Pair{String, Int32}, Pair{String, Int32}, Pair{String, String}, Pair{String, String}, Pair{String, String}, Pair{String, String}, Pair{String, Array{Base.Dict{String, Any}, 1}}, Pair{String, String}, Pair{String, Bool}}, Int64})
precompile(Tuple{typeof(Core.kwcall), NamedTuple{(:maximum,), Tuple{Int64}}, typeof(HILOwnerProtocol.write_json_atomic), String, Base.Dict{String, Any}})
precompile(Tuple{typeof(Base.add_sum), Int64, Int64})
precompile(Tuple{typeof(JSON3.defaultminimum), Array{Base.Dict{String, Any}, 1}})
precompile(Tuple{Base.MappingRF{typeof(JSON3.defaultminimum), Base.BottomRF{typeof(Base.add_sum)}}, Int64, Int64})
precompile(Tuple{typeof(Base.StringVector), Int64})
precompile(Tuple{typeof(Base.setindex!), Array{UInt8, 1}, UInt8, Int64})
precompile(Tuple{typeof(JSON3.write), StructTypes.NumberType, Array{UInt8, 1}, Int64, Int64, Int32})
precompile(Tuple{typeof(JSON3.write), StructTypes.ArrayType, Array{UInt8, 1}, Int64, Int64, Array{Base.Dict{String, Any}, 1}})
precompile(Tuple{typeof(JSON3.write), StructTypes.DictType, Array{UInt8, 1}, Int64, Int64, Base.Dict{String, Any}})
precompile(Tuple{typeof(JSON3.write), StructTypes.NumberType, Array{UInt8, 1}, Int64, Int64, UInt64})
precompile(Tuple{typeof(Base.write), Base.IOStream, String, Char})
precompile(Tuple{typeof(HILNativeOwnerBootstrap.NativeOwnerBootstrapRuntime.finish!), HILNativeOwnerBootstrap.NativeOwnerBootstrapRuntime.Runtime{HILNativeOwnerBootstrap.NativeOwnerBootstrapRuntime.Transport{HILNativeOwnerBootstrap.NativeOwnerBootstrapCodec.Profile, PipeWireAO.CoreConnection{NamedTuple{(:on_info, :on_done, :on_ping, :on_error, :on_remove_id, :on_bound_id, :on_add_memory, :on_remove_memory, :on_bound_properties), Tuple{Nothing, HILNativeOwnerBootstrap.NativeOwnerBootstrapRuntime.var"#Transport##2#Transport##3"{Base.RefValue{Int32}}, Nothing, HILNativeOwnerBootstrap.NativeOwnerBootstrapRuntime.var"#Transport##4#Transport##5"{Base.RefValue{Union{Nothing, String}}, Base.Threads.Atomic{Bool}, Base.RefValue{Union{Nothing, HILNativeOwnerBootstrap.NativeControlEndpoint.Endpoint{P, C, L, F} where F where L where C where P<:HILNativeOwnerBootstrap.NativeControlClient.Profile}}}, Vararg{Nothing, 5}}}, PipeWireAO.Context{PipeWireAO.ThreadLoop}, PipeWireAO.CoreState{PipeWireAO.ThreadLoop}}, HILNativeOwnerBootstrap.NativeControlEndpoint.Endpoint{HILNativeOwnerBootstrap.NativeOwnerBootstrapCodec.Profile, Union{HILNativeOwnerBootstrap.NativeOwnerBootstrapCodec.Command{:status}, HILNativeOwnerBootstrap.NativeOwnerBootstrapCodec.Command{:connect}, HILNativeOwnerBootstrap.NativeOwnerBootstrapCodec.Command{:quit}}, HILNativeOwnerBootstrap.NativeOwnerBootstrapCodec.Lifecycle, HILNativeOwnerBootstrap.NativeOwnerBootstrapRuntime.var"#Transport##6#Transport##7"{Base.Threads.Atomic{Bool}}}, PipeWireAO.ManagedListener{PipeWireAO.Registry{PipeWireAO.CoreConnection{NamedTuple{(:on_info, :on_done, :on_ping, :on_error, :on_remove_id, :on_bound_id, :on_add_memory, :on_remove_memory, :on_bound_properties), Tuple{Nothing, HILNativeOwnerBootstrap.NativeOwnerBootstrapRuntime.var"#Transport##2#Transport##3"{Base.RefValue{Int32}}, Nothing, HILNativeOwnerBootstrap.NativeOwnerBootstrapRuntime.var"#Transport##4#Transport##5"{Base.RefValue{Union{Nothing, String}}, Base.Threads.Atomic{Bool}, Base.RefValue{Union{Nothing, HILNativeOwnerBootstrap.NativeControlEndpoint.Endpoint{P, C, L, F} where F where L where C where P<:HILNativeOwnerBootstrap.NativeControlClient.Profile}}}, Vararg{Nothing, 5}}}, PipeWireAO.Context{PipeWireAO.ThreadLoop}, PipeWireAO.CoreState{PipeWireAO.ThreadLoop}}}, PipeWireAO.LibPipeWire.pw_registry_events, NamedTuple{(:on_global_added, :on_global_removed), Tuple{HILNativeOwnerBootstrap.NativeOwnerBootstrapRuntime.var"#Transport##8#Transport##9"{Base.Threads.Atomic{Bool}}, HILNativeOwnerBootstrap.NativeOwnerBootstrapRuntime.var"#Transport##10#Transport##11"{Base.Threads.Atomic{Bool}}}}}}}})
precompile(Tuple{typeof(Base.wait), StableTasks.StableTask{Nothing}})
precompile(Tuple{typeof(HILNativeOwnerBootstrap.NativeControlClient.deadline_check), Float64, HILNativeOwnerBootstrap.NativeOwnerBootstrapRuntime.var"#flush_terminal!##0#flush_terminal!##1"})
precompile(Tuple{typeof(Base.disable_sigint), PipeWireAO.var"#with_thread_loop_lock##0#with_thread_loop_lock##1"{HILNativeOwnerBootstrap.NativeOwnerBootstrapRuntime.var"#15#16"{HILNativeOwnerBootstrap.NativeOwnerBootstrapRuntime.var"#flush_terminal!##0#flush_terminal!##1", HILNativeOwnerBootstrap.NativeOwnerBootstrapRuntime.Transport{HILNativeOwnerBootstrap.NativeOwnerBootstrapCodec.Profile, PipeWireAO.CoreConnection{NamedTuple{(:on_info, :on_done, :on_ping, :on_error, :on_remove_id, :on_bound_id, :on_add_memory, :on_remove_memory, :on_bound_properties), Tuple{Nothing, HILNativeOwnerBootstrap.NativeOwnerBootstrapRuntime.var"#Transport##2#Transport##3"{Base.RefValue{Int32}}, Nothing, HILNativeOwnerBootstrap.NativeOwnerBootstrapRuntime.var"#Transport##4#Transport##5"{Base.RefValue{Union{Nothing, String}}, Base.Threads.Atomic{Bool}, Base.RefValue{Union{Nothing, HILNativeOwnerBootstrap.NativeControlEndpoint.Endpoint{P, C, L, F} where F where L where C where P<:HILNativeOwnerBootstrap.NativeControlClient.Profile}}}, Vararg{Nothing, 5}}}, PipeWireAO.Context{PipeWireAO.ThreadLoop}, PipeWireAO.CoreState{PipeWireAO.ThreadLoop}}, HILNativeOwnerBootstrap.NativeControlEndpoint.Endpoint{HILNativeOwnerBootstrap.NativeOwnerBootstrapCodec.Profile, Union{HILNativeOwnerBootstrap.NativeOwnerBootstrapCodec.Command{:status}, HILNativeOwnerBootstrap.NativeOwnerBootstrapCodec.Command{:connect}, HILNativeOwnerBootstrap.NativeOwnerBootstrapCodec.Command{:quit}}, HILNativeOwnerBootstrap.NativeOwnerBootstrapCodec.Lifecycle, HILNativeOwnerBootstrap.NativeOwnerBootstrapRuntime.var"#Transport##6#Transport##7"{Base.Threads.Atomic{Bool}}}, PipeWireAO.ManagedListener{PipeWireAO.Registry{PipeWireAO.CoreConnection{NamedTuple{(:on_info, :on_done, :on_ping, :on_error, :on_remove_id, :on_bound_id, :on_add_memory, :on_remove_memory, :on_bound_properties), Tuple{Nothing, HILNativeOwnerBootstrap.NativeOwnerBootstrapRuntime.var"#Transport##2#Transport##3"{Base.RefValue{Int32}}, Nothing, HILNativeOwnerBootstrap.NativeOwnerBootstrapRuntime.var"#Transport##4#Transport##5"{Base.RefValue{Union{Nothing, String}}, Base.Threads.Atomic{Bool}, Base.RefValue{Union{Nothing, HILNativeOwnerBootstrap.NativeControlEndpoint.Endpoint{P, C, L, F} where F where L where C where P<:HILNativeOwnerBootstrap.NativeControlClient.Profile}}}, Vararg{Nothing, 5}}}, PipeWireAO.Context{PipeWireAO.ThreadLoop}, PipeWireAO.CoreState{PipeWireAO.ThreadLoop}}}, PipeWireAO.LibPipeWire.pw_registry_events, NamedTuple{(:on_global_added, :on_global_removed), Tuple{HILNativeOwnerBootstrap.NativeOwnerBootstrapRuntime.var"#Transport##8#Transport##9"{Base.Threads.Atomic{Bool}}, HILNativeOwnerBootstrap.NativeOwnerBootstrapRuntime.var"#Transport##10#Transport##11"{Base.Threads.Atomic{Bool}}}}}}, Float64}, PipeWireAO.ThreadLoop}})
precompile(Tuple{typeof(Base.close), HILNativeOwnerBootstrap.NativeOwnerBootstrapClient.Connection{HILNativeOwnerBootstrap.NativeControlClient.Client{HILNativeOwnerBootstrap.NativeControlClient.Observation{HILNativeOwnerBootstrap.NativeOwnerBootstrapCodec.Profile, HILNativeOwnerBootstrap.NativeOwnerBootstrapCodec.Lifecycle, HILNativeOwnerBootstrap.NativeOwnerBootstrapCodec.Completion, HILNativeOwnerBootstrap.NativeOwnerBootstrapCodec.Rejection}}}})
precompile(Tuple{typeof(Base.close), PipeWireAO.Node{PipeWireAO.Proxy{PipeWireAO.Registry{PipeWireAO.CoreConnection{NamedTuple{(:on_info, :on_done, :on_ping, :on_error, :on_remove_id, :on_bound_id, :on_add_memory, :on_remove_memory, :on_bound_properties), Tuple{Nothing, Nothing, Nothing, HILNativeOwnerBootstrap.NativeControlClient.var"#29#30"{HILNativeOwnerBootstrap.NativeControlClient.Observation{HILNativeOwnerBootstrap.NativeOwnerBootstrapCodec.Profile, HILNativeOwnerBootstrap.NativeOwnerBootstrapCodec.Lifecycle, HILNativeOwnerBootstrap.NativeOwnerBootstrapCodec.Completion, HILNativeOwnerBootstrap.NativeOwnerBootstrapCodec.Rejection}}, Vararg{Nothing, 5}}}, PipeWireAO.Context{PipeWireAO.ThreadLoop}, PipeWireAO.CoreState{PipeWireAO.ThreadLoop}}}, NamedTuple{(:on_bound, :on_removed, :on_done, :on_error, :on_bound_properties), Tuple{Nothing, HILNativeOwnerBootstrap.NativeControlClient.var"#49#50"{HILNativeOwnerBootstrap.NativeControlClient.Observation{HILNativeOwnerBootstrap.NativeOwnerBootstrapCodec.Profile, HILNativeOwnerBootstrap.NativeOwnerBootstrapCodec.Lifecycle, HILNativeOwnerBootstrap.NativeOwnerBootstrapCodec.Completion, HILNativeOwnerBootstrap.NativeOwnerBootstrapCodec.Rejection}}, Nothing, HILNativeOwnerBootstrap.NativeControlClient.var"#51#52"{HILNativeOwnerBootstrap.NativeControlClient.Observation{HILNativeOwnerBootstrap.NativeOwnerBootstrapCodec.Profile, HILNativeOwnerBootstrap.NativeOwnerBootstrapCodec.Lifecycle, HILNativeOwnerBootstrap.NativeOwnerBootstrapCodec.Completion, HILNativeOwnerBootstrap.NativeOwnerBootstrapCodec.Rejection}}, Nothing}}}, NamedTuple{(:on_info, :on_param), Tuple{HILNativeOwnerBootstrap.NativeControlClient.var"#47#48"{HILNativeOwnerBootstrap.NativeControlClient.Client{HILNativeOwnerBootstrap.NativeControlClient.Observation{HILNativeOwnerBootstrap.NativeOwnerBootstrapCodec.Profile, HILNativeOwnerBootstrap.NativeOwnerBootstrapCodec.Lifecycle, HILNativeOwnerBootstrap.NativeOwnerBootstrapCodec.Completion, HILNativeOwnerBootstrap.NativeOwnerBootstrapCodec.Rejection}}}, HILNativeOwnerBootstrap.NativeControlClient.var"#53#54"{HILNativeOwnerBootstrap.NativeControlClient.Observation{HILNativeOwnerBootstrap.NativeOwnerBootstrapCodec.Profile, HILNativeOwnerBootstrap.NativeOwnerBootstrapCodec.Lifecycle, HILNativeOwnerBootstrap.NativeOwnerBootstrapCodec.Completion, HILNativeOwnerBootstrap.NativeOwnerBootstrapCodec.Rejection}}}}}})
precompile(Tuple{typeof(Base.close), PipeWireAO.Node{PipeWireAO.Proxy{PipeWireAO.Registry{PipeWireAO.CoreConnection{NamedTuple{(:on_info, :on_done, :on_ping, :on_error, :on_remove_id, :on_bound_id, :on_add_memory, :on_remove_memory, :on_bound_properties), Tuple{Nothing, Nothing, Nothing, HILNativeOwnerBootstrap.NativeControlClient.var"#29#30"{HILNativeOwnerBootstrap.NativeControlClient.Observation{HILNativeOwnerBootstrap.NativeOwnerBootstrapCodec.Profile, HILNativeOwnerBootstrap.NativeOwnerBootstrapCodec.Lifecycle, HILNativeOwnerBootstrap.NativeOwnerBootstrapCodec.Completion, HILNativeOwnerBootstrap.NativeOwnerBootstrapCodec.Rejection}}, Vararg{Nothing, 5}}}, PipeWireAO.Context{PipeWireAO.ThreadLoop}, PipeWireAO.CoreState{PipeWireAO.ThreadLoop}}}, NamedTuple{(:on_bound, :on_removed, :on_done, :on_error, :on_bound_properties), Tuple{Nothing, HILNativeOwnerBootstrap.NativeControlClient.var"#37#38"{HILNativeOwnerBootstrap.NativeControlClient.Observation{HILNativeOwnerBootstrap.NativeOwnerBootstrapCodec.Profile, HILNativeOwnerBootstrap.NativeOwnerBootstrapCodec.Lifecycle, HILNativeOwnerBootstrap.NativeOwnerBootstrapCodec.Completion, HILNativeOwnerBootstrap.NativeOwnerBootstrapCodec.Rejection}}, Nothing, HILNativeOwnerBootstrap.NativeControlClient.var"#39#40"{HILNativeOwnerBootstrap.NativeControlClient.Observation{HILNativeOwnerBootstrap.NativeOwnerBootstrapCodec.Profile, HILNativeOwnerBootstrap.NativeOwnerBootstrapCodec.Lifecycle, HILNativeOwnerBootstrap.NativeOwnerBootstrapCodec.Completion, HILNativeOwnerBootstrap.NativeOwnerBootstrapCodec.Rejection}}, Nothing}}}, NamedTuple{(:on_info, :on_param), Tuple{HILNativeOwnerBootstrap.NativeControlClient.var"#35#36"{HILNativeOwnerBootstrap.NativeControlClient.Client{HILNativeOwnerBootstrap.NativeControlClient.Observation{HILNativeOwnerBootstrap.NativeOwnerBootstrapCodec.Profile, HILNativeOwnerBootstrap.NativeOwnerBootstrapCodec.Lifecycle, HILNativeOwnerBootstrap.NativeOwnerBootstrapCodec.Completion, HILNativeOwnerBootstrap.NativeOwnerBootstrapCodec.Rejection}}}, Nothing}}}})
precompile(Tuple{typeof(Base.:(var"==")), Ptr{PipeWireAO.LibPipeWire.pw_filter}, Ptr{Nothing}})
precompile(Tuple{typeof(PipeWireAO.LibPipeWire.pw_filter_destroy), Ptr{PipeWireAO.LibPipeWire.pw_filter}})
precompile(Tuple{typeof(Base.:(var"==")), Ptr{PipeWireAO.LibPipeWire.pw_registry}, Ptr{Nothing}})
precompile(Tuple{typeof(Base.close), PipeWireAO.CoreConnection{NamedTuple{(:on_info, :on_done, :on_ping, :on_error, :on_remove_id, :on_bound_id, :on_add_memory, :on_remove_memory, :on_bound_properties), Tuple{Nothing, Nothing, Nothing, HILNativeOwnerBootstrap.NativeControlClient.var"#29#30"{HILNativeOwnerBootstrap.NativeControlClient.Observation{HILNativeOwnerBootstrap.NativeOwnerBootstrapCodec.Profile, HILNativeOwnerBootstrap.NativeOwnerBootstrapCodec.Lifecycle, HILNativeOwnerBootstrap.NativeOwnerBootstrapCodec.Completion, HILNativeOwnerBootstrap.NativeOwnerBootstrapCodec.Rejection}}, Vararg{Nothing, 5}}}, PipeWireAO.Context{PipeWireAO.ThreadLoop}, PipeWireAO.CoreState{PipeWireAO.ThreadLoop}}})
precompile(Tuple{typeof(Base.:(var"==")), Ptr{PipeWireAO.LibPipeWire.pw_core}, Ptr{Nothing}})
precompile(Tuple{typeof(PipeWireAO.LibPipeWire.pw_core_disconnect), Ptr{PipeWireAO.LibPipeWire.pw_core}})
precompile(Tuple{typeof(Base.close), PipeWireAO.Context{PipeWireAO.ThreadLoop}})
precompile(Tuple{typeof(Base.:(var"==")), Ptr{PipeWireAO.LibPipeWire.pw_context}, Ptr{Nothing}})
precompile(Tuple{typeof(PipeWireAO.LibPipeWire.pw_context_destroy), Ptr{PipeWireAO.LibPipeWire.pw_context}})
precompile(Tuple{typeof(Base.:(var"==")), Ptr{PipeWireAO.LibPipeWire.pw_thread_loop}, Ptr{Nothing}})
precompile(Tuple{typeof(PipeWireAO._stop_thread_loop), Ptr{PipeWireAO.LibPipeWire.pw_thread_loop}})
precompile(Tuple{typeof(PipeWireAO.LibPipeWire.pw_thread_loop_destroy), Ptr{PipeWireAO.LibPipeWire.pw_thread_loop}})
precompile(Tuple{Type{Ptr{PipeWireAO.LibPipeWire.pw_main_loop}}, Ptr{Nothing}})
precompile(Tuple{typeof(Base.close), HILNativeOwnerBootstrap.NativeOwnerBootstrapRuntime.Runtime{HILNativeOwnerBootstrap.NativeOwnerBootstrapRuntime.Transport{HILNativeOwnerBootstrap.NativeOwnerBootstrapCodec.Profile, PipeWireAO.CoreConnection{NamedTuple{(:on_info, :on_done, :on_ping, :on_error, :on_remove_id, :on_bound_id, :on_add_memory, :on_remove_memory, :on_bound_properties), Tuple{Nothing, HILNativeOwnerBootstrap.NativeOwnerBootstrapRuntime.var"#Transport##2#Transport##3"{Base.RefValue{Int32}}, Nothing, HILNativeOwnerBootstrap.NativeOwnerBootstrapRuntime.var"#Transport##4#Transport##5"{Base.RefValue{Union{Nothing, String}}, Base.Threads.Atomic{Bool}, Base.RefValue{Union{Nothing, HILNativeOwnerBootstrap.NativeControlEndpoint.Endpoint{P, C, L, F} where F where L where C where P<:HILNativeOwnerBootstrap.NativeControlClient.Profile}}}, Vararg{Nothing, 5}}}, PipeWireAO.Context{PipeWireAO.ThreadLoop}, PipeWireAO.CoreState{PipeWireAO.ThreadLoop}}, HILNativeOwnerBootstrap.NativeControlEndpoint.Endpoint{HILNativeOwnerBootstrap.NativeOwnerBootstrapCodec.Profile, Union{HILNativeOwnerBootstrap.NativeOwnerBootstrapCodec.Command{:status}, HILNativeOwnerBootstrap.NativeOwnerBootstrapCodec.Command{:connect}, HILNativeOwnerBootstrap.NativeOwnerBootstrapCodec.Command{:quit}}, HILNativeOwnerBootstrap.NativeOwnerBootstrapCodec.Lifecycle, HILNativeOwnerBootstrap.NativeOwnerBootstrapRuntime.var"#Transport##6#Transport##7"{Base.Threads.Atomic{Bool}}}, PipeWireAO.ManagedListener{PipeWireAO.Registry{PipeWireAO.CoreConnection{NamedTuple{(:on_info, :on_done, :on_ping, :on_error, :on_remove_id, :on_bound_id, :on_add_memory, :on_remove_memory, :on_bound_properties), Tuple{Nothing, HILNativeOwnerBootstrap.NativeOwnerBootstrapRuntime.var"#Transport##2#Transport##3"{Base.RefValue{Int32}}, Nothing, HILNativeOwnerBootstrap.NativeOwnerBootstrapRuntime.var"#Transport##4#Transport##5"{Base.RefValue{Union{Nothing, String}}, Base.Threads.Atomic{Bool}, Base.RefValue{Union{Nothing, HILNativeOwnerBootstrap.NativeControlEndpoint.Endpoint{P, C, L, F} where F where L where C where P<:HILNativeOwnerBootstrap.NativeControlClient.Profile}}}, Vararg{Nothing, 5}}}, PipeWireAO.Context{PipeWireAO.ThreadLoop}, PipeWireAO.CoreState{PipeWireAO.ThreadLoop}}}, PipeWireAO.LibPipeWire.pw_registry_events, NamedTuple{(:on_global_added, :on_global_removed), Tuple{HILNativeOwnerBootstrap.NativeOwnerBootstrapRuntime.var"#Transport##8#Transport##9"{Base.Threads.Atomic{Bool}}, HILNativeOwnerBootstrap.NativeOwnerBootstrapRuntime.var"#Transport##10#Transport##11"{Base.Threads.Atomic{Bool}}}}}}}})
precompile(Tuple{typeof(Base.close), PipeWireAO.Filter{PipeWireAO.CoreConnection{NamedTuple{(:on_info, :on_done, :on_ping, :on_error, :on_remove_id, :on_bound_id, :on_add_memory, :on_remove_memory, :on_bound_properties), Tuple{Nothing, HILNativeOwnerBootstrap.NativeOwnerBootstrapRuntime.var"#Transport##2#Transport##3"{Base.RefValue{Int32}}, Nothing, HILNativeOwnerBootstrap.NativeOwnerBootstrapRuntime.var"#Transport##4#Transport##5"{Base.RefValue{Union{Nothing, String}}, Base.Threads.Atomic{Bool}, Base.RefValue{Union{Nothing, HILNativeOwnerBootstrap.NativeControlEndpoint.Endpoint{P, C, L, F} where F where L where C where P<:HILNativeOwnerBootstrap.NativeControlClient.Profile}}}, Vararg{Nothing, 5}}}, PipeWireAO.Context{PipeWireAO.ThreadLoop}, PipeWireAO.CoreState{PipeWireAO.ThreadLoop}}, NamedTuple{(:on_state_changed, :on_io_changed, :on_param_changed, :on_buffer_added, :on_buffer_removed, :on_process, :on_drained, :on_command), Tuple{Nothing, Nothing, HILNativeOwnerBootstrap.NativeControlEndpoint.var"#20#21"{HILNativeOwnerBootstrap.NativeControlEndpoint.Endpoint{HILNativeOwnerBootstrap.NativeOwnerBootstrapCodec.Profile, Union{HILNativeOwnerBootstrap.NativeOwnerBootstrapCodec.Command{:status}, HILNativeOwnerBootstrap.NativeOwnerBootstrapCodec.Command{:connect}, HILNativeOwnerBootstrap.NativeOwnerBootstrapCodec.Command{:quit}}, HILNativeOwnerBootstrap.NativeOwnerBootstrapCodec.Lifecycle, HILNativeOwnerBootstrap.NativeOwnerBootstrapRuntime.var"#Transport##6#Transport##7"{Base.Threads.Atomic{Bool}}}}, Vararg{Nothing, 5}}}}})
precompile(Tuple{typeof(Base.close), PipeWireAO.ManagedListener{PipeWireAO.Registry{PipeWireAO.CoreConnection{NamedTuple{(:on_info, :on_done, :on_ping, :on_error, :on_remove_id, :on_bound_id, :on_add_memory, :on_remove_memory, :on_bound_properties), Tuple{Nothing, HILNativeOwnerBootstrap.NativeOwnerBootstrapRuntime.var"#Transport##2#Transport##3"{Base.RefValue{Int32}}, Nothing, HILNativeOwnerBootstrap.NativeOwnerBootstrapRuntime.var"#Transport##4#Transport##5"{Base.RefValue{Union{Nothing, String}}, Base.Threads.Atomic{Bool}, Base.RefValue{Union{Nothing, HILNativeOwnerBootstrap.NativeControlEndpoint.Endpoint{P, C, L, F} where F where L where C where P<:HILNativeOwnerBootstrap.NativeControlClient.Profile}}}, Vararg{Nothing, 5}}}, PipeWireAO.Context{PipeWireAO.ThreadLoop}, PipeWireAO.CoreState{PipeWireAO.ThreadLoop}}}, PipeWireAO.LibPipeWire.pw_registry_events, NamedTuple{(:on_global_added, :on_global_removed), Tuple{HILNativeOwnerBootstrap.NativeOwnerBootstrapRuntime.var"#Transport##8#Transport##9"{Base.Threads.Atomic{Bool}}, HILNativeOwnerBootstrap.NativeOwnerBootstrapRuntime.var"#Transport##10#Transport##11"{Base.Threads.Atomic{Bool}}}}}})
